candidate,frequency,sample_product_names
Munchee,235,Munchee Favourites Biscuits | Munchee Nice Biscuits | Munchee Rollz Vanila | Munchee Savoury Nuts
Keells,231,Keells Chicken Bockwurst | Keells Chicken Cheese & Onion Sausages | Keells Chicken Meat Balls | Keells Chicken Sausages
Maliban,214,Maliban Full Cream Milk Powder Pouch | Maliban Malt Pouch | Maliban Non Fat Milk Powder | Maliban Uht Fresh Milk
Kist,214,Kist Aloe Vera Nectar | Kist Mango Nectar | Kist Mixed Fruit Nectar | Kist Sparkling Green Apple Flavoured Drink
Md,203,Md Faluda Mix | Md Mixed Fruit Cordial | Md Nelli Cordial | Md Orange Cordial
Catch,170,Catch Biriyani Whole Spice Mix | Catch Green Gram Dhal | Catch Sweet Corn | Catch Toor Dhal
Ritzbury,157,Ritzbury Cashew Chocolate | Ritzbury Fruit & Nut Choc Blue | Ritzbury Moments Assorted Pack | Ritzbury Peanut Chocolate Blue
Prima,148,"Prima Kottu Mee Cheese & Onion Noodles | Prima Kottu Mee Multi Pack 85 G | Prima Kottu Mee Multi Pack,Chicken 5Pcs | Prima Stella Chicken Noodles 5 Pack"
Glomark,130,Glomark Ball Muruku | Glomark Bottled Drinking Water | Glomark Cassava Chips | Glomark Sugar Murukku
My,127,My Choice Fresh Strawberry | My Choice Tamarind | My Cola | My Ginger Beer
Motha,125,Motha Blackcurrant Flavoured Jelly | Motha Caramel Pudding Mix | Motha Jelly Strawberry Flavour | Motha Rose Faluda Mix
Kotmale,121,Kotmale Curd | Kotmale Milk Chocolate | Kotmale Processed Cheese Wedges | Kotmale Processed Cheese Wedges Pepper
My Choice,110,My Choice Brown Sugar Packet | My Choice Fresh Strawberry | My Choice Tamarind | My Choice White Sugar Packet
Dilmah,108,"Dilmah Green Tea Bags Ginger Flavour,20 Pcs | Dilmah Premium Tea | Dilmah Premium Tea Bags | Dilmah Strong Tea"
Ma'S,106,Ma'S Garlic Powder | Ma'S Rasam Soup Cube 10G*6 | Ma'S Stick Noodles 2.5Mm | Ma'S Stick Noodles 5Mm
Atlas,95,"Atlas Colour Pens | Atlas Cr Single Ruled Book, 160 Pages | Atlas Natural Clay | Atlas Precise Clear Ruler,30Cm"
Edinborough,92,Edinborough Choc-A-Lay Chocolate Spread | Edinborough Mayonnaise Sauce | Edinborough Rose Syrup | Edinborough Tomato Sauce
Star,92,Star Brand Apple Colouring | Star Brand Egg Yellow Colouring | Star Brand Rose Essence | Star Brand Vanilla Essence
Kandos,90,Kandos 21 Collection Cashew And Crispy Milk Chocol | Kandos Cashewnut Chocolate Bar | Kandos Choconuts | Kandos Promises Chocolate
Velona,85,"Velona Cuddle Wet Wipes | Velona Cuddles Diaper Pants, L | Velona Cuddles Diaper Pants, Xl | Velona Cuddles Diaper Pants, Xxl"
Mccurrie,85,Mccurrie Garam Masala | Mccurrie Goraka Whole | Mccurrie Maldive Fish Chips | Mccurrie Unroasted Curry Powder
Anchor,84,Anchor Pedia Pro 3-5 Years | Anchor Pedia Pro Mfgm Milk Formula For 1-3 Years | Anchor Pediapro School Champ Vanilla 4-6 Years | Anchor Plus 1-5 Years
Finch,84,Finch Ginger Powder | Finch Onion Powder | Finch Oregano Leaves | Finch Rosemary Leaves
Revello,83,"Revello Brownie | Revello Minis , 12Pcs | Revello Speciality Marzipan Chocolate | Revello Speciality Roses"
Elephant,76,Elephant House Chocolate Ice Cream | Elephant House Fruit & Nut Ice Cream | Elephant House Karutha Kolumban Ice Cream | Elephant House Vanilla Ice Cream
Elephant House,73,Elephant House Chocolate Ice Cream | Elephant House Fruit & Nut Ice Cream | Elephant House Karutha Kolumban Ice Cream | Elephant House Vanilla Ice Cream
Crescent,64,Crescent Chicken Kochchi Bites | Crescent Chicken Lasagna | Crescent Chicken Mini Kievs | Crescent Hummus
Dilmah Tea,64,Dilmah Tea Gr. Bag Mor.Mint 20S | Dilmah Tea Infusion Camomile 20S | Dilmah Tea Leaf Premium | Dilmah Tea Strong
Nature,60,Nature S Secrets Aloe Vera Body Wash | Nature S Secrets C Vitamin Skin Repair Radiance Serum | Nature S Secrets Men S Facial Wash Mint & Aloe | Nature S Secrets Oil Control Facial Wash Green Tea & Aloe
Star Gold,60,Star Gold Full Cream M/Powder | Star Gold Kids Pasta Letters | Star Gold Kids Pasta Space | Star Gold Pasta Penne
Flora,59,"Flora Margarine | Flora Multifold Paper Towels | Flora Paper Plates 7"" | Flora Paper Serviettes 1Ply"
Sethum,56,Sethum Kidney Beans | Sethum Red Cowpea | Sethum Roasted & Salted Pistachio | Sethum White Cowpea
Happy,54,"Happy Cow Cheese Slices, Mozzarella | Happy Cow Gouda Cheese Slices | Happy Cow Regular Cheese Slices | Happy Hen Eggs Large"
MUNCHEE,54,MUNCHEE Biscuit Salsa Savoury | MUNCHEE Hawaian Cookies | MUNCHEE Milk Short Cake | MUNCHEE Super Cream Cracker
Harischandra,53,Harischandra Kurakkan Flour | Harischandra Kurakkan Noodles Packet | Harischandra Red Noodles Packet | Harischandra Yellow Noodles Packet
Smak,52,Smak Nectar Aloe Vera | Smak Nectar Mango | Smak Nectar Mixed Fruit | Smak Nectar Woodapple
Cic,51,Cic Besto Omega 3 White Egg Large | Cic Besto Omega 3 White Egg Standard | Cic Skinless Boneless Chicken Breast | Cic Skinless Chicken Thighs
Velona Cuddles,50,"Velona Cuddles Diaper Pants, L | Velona Cuddles Diaper Pants, Xl | Velona Cuddles Diaper Pants, Xxl | Velona Cuddles Moisturisng Top To Toe Wash Splashes Of Love"
Suree,50,Suree Dark Soy Sauce | Suree Green Salad Dressing | Suree Spring Roll Sauce | Suree Sweet Chilli Sauce
Raigam,49,Raigam Isi Cooking Salt | Raigam Kiri Kos Flavour Soya | Raigam Soya Meat Crab Flavour | Raigam White Deveni Batha
Zellers,49,Zellers Cashew Nut Chocolate | Zellers Cookie Cream Chocolate | Zellers Crispy Chocolate | Zellers Milk Chocolate
Vaseline,49,Vaseline Aloe Fresh Body Lotion | Vaseline Deep Restore Body Lotion | Vaseline Gluta Hya Dewy Radiance Body Lotion | Vaseline Healthy Bright Body Lotion
New,48,New Beginnings Peanut Butter Crunchy | New Beginnings Peanut Butter Smooth | New Lanka Premium Nadu Rice | New Lanka Samba Raw Rice
Eh,48,Eh Fito Mango Nectar | Eh Fito Mixed Fruit Nectar | Eh Fito Orange Nectar | Eh Twistee Apple Fruit Juice
Magic,47,Magic Chocolate Ice Cream | Magic Cone Chocolate | Magic Cone Vanilla | Magic Vanilla Ice Cream
Richlife,47,Richlife Butter Salted | Richlife Chocolate Flavoured Milk | Richlife Strawberry Flavoured Milk | Richlife Vanilla Flavoured Milk
Fortune,46,Fortune Chicken Flavoured Soya Meat | Fortune Devilled Chicken Flavoured Soya Meat | Fortune Prawn Flavoured Soya Meat | Fortune Sunflower Oil
Prevense,46,Prevense Cleansing Gel | Prevense Cleansing Gel For Men | Prevense Facial Scrub | Prevense Honey And Grapefruit Face Wash
San,45,San Remo Fettucine | San Remo Macaroni No:38 | San Remo Small Shells | San Remo Spaghetti No:5
Alli,44,Alli Appalam | Alli Instant Idli Mixture | Alli Instant Thosai Mixture | Alli String Hopper Flour White
San Remo,43,San Remo Fettucine | San Remo Macaroni No:38 | San Remo Small Shells | San Remo Spaghetti No:5
Little,43,Little Lion Chocolate Roll | Little Lion Madeira Cake | Little Lion Soft Log Coffee Flavoured | Little Lion Strawberry Flavoured Sponge Roll
Little Lion,43,Little Lion Chocolate Roll | Little Lion Madeira Cake | Little Lion Soft Log Coffee Flavoured | Little Lion Strawberry Flavoured Sponge Roll
Panasonic,42,"Panasonic Alkaline Battery Aa-4, 1.5V | Panasonic Alkaline Battery Aaa-2, 1.5V | Panasonic Zinc Carbon Battery Aa-4, 1.5V | Panasonic Zinc Carbon Battery Aaa-2, 1.5V"
Marvel,41,Marvel Baby Diaper Pants L | Marvel Baby Diaper Pants M | Marvel Baby Diaper Pants Xxl | Marvel Baby Wet Wipes
Happy Cow,41,"Happy Cow Cheese Slices, Mozzarella | Happy Cow Gouda Cheese Slices | Happy Cow Portion Cheese | Happy Cow Regular Cheese Slices"
Maggi,41,"Maggi Chicken Flavour Noodles | Maggi Curry Flavour Noodles | Maggi Papare Blast Noodles | Maggi Papare Blast Noodles, Multi Pack"
Finagle,41,Finagle Bread Crumbs | Finagle Sandwich Bread | Finagle Sweet Bread | Finagle Swiss Roll Chocolate
Uswatte,41,Uswatte Glucorasa Family | Uswatte Glucorasa Jujubes | Uswatte Tipi Tip Cheese Balls | Uswatte Tipi Tip Onion Stars
Dettol,39,Dettol Anti Bacterial Surface Disinfectant Spray | Dettol Hand Wash Pouch Sensitive | Dettol Hand Wash Sensitive Pump | Dettol Liquid
Ruhunu,39,Ruhunu Gram Flour | Ruhunu Sago | Ruhunu Undu Flour | Ruhunu White Rice Flour
4Ever,39,4Ever Foot Cream | 4Ever Gold Whitening Face Wash | 4Ever Nail Lacquer Remover | 4Ever Tea Tree Oil Face Wash
SPAR,39,SPAR Instant Coffee Classic Gold | SPAR Local Drinking Water | SPAR Local Jack Mackerel Canned Fish | SPAR Local Wheat Flour
Panda,37,"Panda Baby Shampoo | Panda Baby Soap Bees Honey And Almond Multipack , 75G | Panda Baby Sweet Floral Cologne | Panda Baby Wash"
Kelloggs,37,"Kelloggs Chocos | Kelloggs Corn Flakes | Kelloggs Muesli, Fruit & Nut | Kelloggs Oats"
Freelan,37,Freelan Chilli Powder | Freelan Meat Curry Powder Mix | Freelan Mustard Seeds | Freelan Papadam
Nescafe,37,"Nescafe 3 In 1 | Nescafe Classic Bottle | Nescafe Classic Instant Coffee, Sachet | Nescafe Ice Coffee Rtd"
Gillette,37,Gillette Blue 2 Plus Razor | Gillette Blue 3 Simple Razor | Gillette Fusion Catridge | Gillette Mach 3 Cartridge
Panda Baby,36,"Panda Baby Shampoo | Panda Baby Soap Bees Honey And Almond Multipack , 75G | Panda Baby Sweet Floral Cologne | Panda Baby Wash"
Pastazara,36,Pastazara Cous Cous | Pastazara Spaghetti | Pastazara Whole Wheat Penne | Pastazara Wholewheat Cous Cous
Lanka,36,Lanka Burned Cashew | Lanka Soy Jaffna Curry Flavour | Lanka Soy Soya Mojuwa | Lanka Soy Vegesoy Polos Curry Flavour
Sunlight,36,"Sunlight Matic Detergent Liquid | Sunlight Rose Fresh Detergent Powder | Sunlight Soap Multi Pack,110G | Sunlight Yellow Detergent Soap"
Dove,36,Dove Beauty Bathing Bar With Moisturizing Cream | Dove Intense Repair Bio-Protein Care Conditioner | Dove Intense Repair Shampoo | Dove Pink Beauty Bathing Bar With Moisturizing Cream
Pears,35,Pears Bedtime Baby Cologne | Pears Naturals Bee'S Honey Baby Soap Multipack | Pears Naturals Kokum Cream | Pears Pure & Gentle Baby Soap Multipack
Ambewela,35,Ambewela Cheese Spread | Ambewela Fresh Milk | Ambewela Non Fat Milk | Ambewela Set Yoghurt
Noas,35,"Noas Crinkle Sticks | Noas Premium Cassava Chips Mexican Cheese | Noas Premium Cassava Chips Sour Cream | Noas Snackers,Kochchi Bites"
Signal,35,Signal Fighter Medium Toothbrush Double | Signal Sonic Expert Electric Toothbrush Black Starter Kit | Signal Sonic Expert Electric Toothbrush Pink | Signal Strong Teeth Toothpaste
Knorr,34,Knorr Biriyani Mix | Knorr Chicken Curry Mix | Knorr Coconut Milk Powder | Knorr Seasoning Cubes
Ceylon,34,Ceylon Since 1844 Organic Cinnamon Powder | Ceylon Since 1844 Organic Coconut Cream | Ceylon Since 1844 Organic Spice Gift Pack | Ceylon Since 1844 Organic Virgin Coconut Oil
Mentos,34,Mentos Air Action | Mentos Fruit | Mentos Marbels | Mentos Sour Marbels
Lifebuoy,34,Lifebuoy Cool Fresh Body Wash | Lifebuoy Hand Wash Kitchen Fresh | Lifebuoy Kitchen Fresh Handwash Refill Pouch | Lifebuoy Total 10 Handwash Refill Pouch
Delmege,33,Delmege Curry Flavoured Soya Meat | Delmege Delizia Pasta Elbow | Delmege Delizia Pasta Fusilli | Delmege Delizia Pasta Penne
Roza,33,Roza Elbow | Roza Fusilli | Roza Penne | Roza Spaghetti
Rancrisp,33,Rancrisp Barbecue Flavoured Potato Chips | Rancrisp Cassava Chips Hot & Spicy | Rancrisp Crispy Batter Mix | Rancrisp Lightly Sea Salted Potato Chips
Promate,33,"Promate B5 Single Ruled Book,120 Pages | Promate B5 Square Ruled Book,80 Pages | Promate Single Ruled Cr Book,120 Pages | Promate Single Ruled Note Pad,100 Pages"
Nature'S,32,Nature'S Love Dried Blueberry | Nature'S Love Dried Goji Berry | Nature'S Love Roasted Almonds Salt & Pepper | Nature'S Love Walnuts
Ponds,32,Ponds Bright Beauty Daily Brightening Face Wash | Ponds Bright Beauty Serum Cream | Ponds Spf 55 Light Sunscreen | Ponds Super Light Moisturizing Gel
Highland,31,Highland Condensed Milk | Highland Gold Full Cream Milk Powder | Highland Plain Yoghurt | Highland Vanilla Ice Cream
Party,31,Party Hat Cartoon Candle Set 5 Pcs | Party Hat Happy Birth Day Blue Banner Large | Party Hat Magic Relighting Candles 10Pcs | Party Hat Party Candles 24Pcs
Party Hat,31,Party Hat Cartoon Candle Set 5 Pcs | Party Hat Happy Birth Day Blue Banner Large | Party Hat Magic Relighting Candles 10Pcs | Party Hat Party Candles 24Pcs
FLORA,31,"FLORA Facial Tissues 2PLY, 200s | FLORA Facial Tissues 2ply, 100s | FLORA Facial Tissues 2ply, 50s | FLORA Hygienic Wet Wipes, 10s"
Tiara,30,Tiara Chocolate Swiss Roll | Tiara Go Chok Choco Coated Sponge Cake Chocolate | Tiara Go Chok Choco Coated Sponge Cake Vanilla | Tiara Rollo Cake
Dreamron,30,Dreamron 5 Minutes Black Henna | Dreamron King Coconut Conditioner | Dreamron Leave On Conditioner | Dreamron Silicon Hair Treatment
Oateo,29,Oateo Baby Oats | Oateo Instant Oats | Oateo Muesli Tropical Mix | Oateo Rolled Oats
Sera,29,Sera Biryani Flavoured Noodles | Sera Chicken Flavoured Noodles | Sera Cream Of Chicken Quick Soup | Sera Vegetable Quick Soup
Mc,29,Mc Currie Chinese Chilli Paste | Mc Currie Maldive Fish Sambol | Mc Currie Pineapple Chutney | Mc Currie Sprats Badum
Koluu,29,Koluu Chicken Black Curry | Koluu Chicken Korma | Koluu Chicken Red Curry | Koluu Prawn/Fish Red Curry
Steuarts,29,Steuarts Ginger Tea | Steuarts James Coffee | Steuarts Premium Bopf Tea | Steuarts Rosa Kahata Tea
Bairaha,29,"Bairaha Chicken Cheese And Onion | Bairaha Chicken Sausages | Bairaha Wow-B Chicken Drumlets, 5 Pcs | Bairaha Wow-B Chicken Strips, 6 Pcs"
Pussalla,29,Pussalla Chicken Breakfast Sausage | Pussalla Chicken Burger Slices | Pussalla Chicken Cocktail Sausages | Pussalla Chicken Garlic Sausages
Nature'S Love,29,Nature'S Love Dried Blueberry | Nature'S Love Dried Goji Berry | Nature'S Love Roasted Almonds Salt & Pepper | Nature'S Love Walnuts
Sunsilk,29,Sunsilk Black Shine Conditioner | Sunsilk Soft & Smooth Conditioner | Sunsilk Soft & Smooth Shampoo | Sunsilk Thick & Long Shampoo
Bellose,29,"Bellose Hair Colour Women,2.0 | Bellose Keratin Conditioner | Bellose Keratin Shampoo | Bellose Silicone Hair Treatment"
Sunquick,28,Sunquick Blackcurrant Concentrate | Sunquick Fruit Cocktail Cordial | Sunquick Lemon Squash Concentrate | Sunquick Passion Fruit Mix Squash Concentrate
Renuka,28,Renuka Coconut Milk | Renuka Coconut Milk Powder | Renuka Desiccated Coconut | Renuka Plaza Tuna Spr With Toma
Phoenix,28,Phoenix Basin 10L 414 | Phoenix Basin 30 Lt | Phoenix Bucket Pail 10Lt | Phoenix Pedal Bin
MALIBAN,28,MALIBAN Biscuit Milk Short Cake | MALIBAN Full Cream Milk Powder Pouch | MALIBAN Milk Full Cream Pouch | MALIBAN Vitagen
ELEPHANT,28,ELEPHANT HOUSE Cream Soda | ELEPHANT HOUSE EGB | ELEPHANT HOUSE Soda | ELEPHANT HOUSE Twistee Apple
ELEPHANT HOUSE,28,ELEPHANT HOUSE Cream Soda | ELEPHANT HOUSE EGB | ELEPHANT HOUSE Soda | ELEPHANT HOUSE Twistee Apple
Dash,27,Dash Acid Tile Cleaner | Dash Glass Cleaner | Dash Spring Time Air Freshener Dream Flower | Dash Spring Time Air Freshener Strawberry
Anods,27,Anods Dark Chocolate Chips | Anods Milk Chocolate Buttons | Anods Milk Chocolate Chips | Anods White Chocolate Buttons
La,27,La Treats Caribbean Rum Dark Chocolate | La Treats Fruit & Nut Chocolate | La Treats Pomace Brandy Milk Chocolate | La Treats White Chocolate
Khomba,26,Khomba Baby Soap Floral Multi Pack | Khomba Baby Soap Milk | Khomba Baby Soap Venivel | Khomba Prickly Heat Talc
Nutriline,26,Nutriline Chocoblobs | Nutriline Chocochips | Nutriline Chocograins | Nutriline Instant Oats
Delish,26,"Delish Cocoa Powder | Delish Corn Flour | Delish Jelly Crystals, Apple | Delish Jelly Crystals, Strawberry"
Lux,26,Lux Bouncy And Bright Glutathione Body Soap | Lux Bright Camellia Body Wash | Lux Magical Orchid Bodywash | Lux Smooth And Nourised Glutathione Body Soap
Chandanalepa,26,Chandanalepa Beauty Soap | Chandanalepa Cinnamon Herbal Soap | Chandanalepa Face Cream | Chandanalepa Herbal Scrub
Earth,26,Earth  Essence Moisturizer Body Lotion Exotic | Earth Essence Face Cream Herbal | Earth Essence Face Wash Herbal | Earth Essence Hair Shampoo
KIST,26,KIST Green Apple Juice | KIST Juice Orange Tetra Pack | KIST Mango Nectar | KIST Nectar Mixed Fruit
Mc Currie,25,Mc Currie Chinese Chilli Paste | Mc Currie Maldive Fish Sambol | Mc Currie Pineapple Chutney | Mc Currie Sprats Badum
Lanka Soy,25,Lanka Soy Chickosoy Chilli/Chi. | Lanka Soy Jaffna Curry Flavour | Lanka Soy Soya Mojuwa | Lanka Soy Vegesoy Polos Curry Flavour
Sozo,25,Sozo Ginger Lemonade | Sozo Lime Crush | Sozo Pani Dodang & Sea Salt | Sozo Raspberry & Hibiscus
Mas,25,Mas English Stew Roux | Mas Fenugreek Seeds | Mas Goraka | Mas Madras Curry Powder
Harpic,24,Harpic 10X Joyful Jasmine Disinfectant Toilet Cleaner | Harpic Fresh Floral Toilet Cleaner | Harpic Power Cleaner 10X | Harpic Power Plus Cleaner 5X
Bic,24,Bic 3 Razor | Bic Easy 2 Precision Razor | Bic Lighter | Bic Twin Lady Razor
Tong,24,"Tong Garden Coated Peanuts, Bbq Flavour | Tong Garden Coated Peanuts, Chicken Flavour | Tong Garden Coated Peanuts, Shrimp Flavour | Tong Garden Party Snack"
Tong Garden,24,"Tong Garden Coated Peanuts, Bbq Flavour | Tong Garden Coated Peanuts, Chicken Flavour | Tong Garden Coated Peanuts, Shrimp Flavour | Tong Garden Party Snack"
Wijaya,24,Wijaya Chilli Pieces | Wijaya Chilli Powder | Wijaya Curry Powder | Wijaya Roasted Curry Powder
Heladiv,24,Heladiv Ice Tea Syrup Lemon | Heladiv Ice Tea Syrup Lychee | Heladiv Ice Tea Syrup Peach | Heladiv Ice Tea Syrup Strawberry
Gills,24,Gills Chicken Bacon | Gills Chicken Ham Slices | Gills Fish Balls | Gills Fish Sausages
Nestle,23,Nestle Coffee Mate Hazelnut | Nestle Coffeemate Jar | Nestle Coffeemate Pouch | Nestle Nestum Original
Scan,23,Scan Cassava Chips Hot & Spicy | Scan Hot & Spicy Mixture | Scan Jumbo Peanuts | Scan Jumbo Peanuts Chilli
Mr.,23,Mr. Pop Cass/Chip Cheese&Onion | Mr. Pop Cassava Chips Barbeque | Mr. Pop Classic Original Snack | Mr. Pop Manioc Chips 45G Spicy
Kumarika,23,"Kumarika Hair Oil Hair Fall Control | Kumarika Healthy & Black Shampoo Karapincha & Blackseed | Kumarika Strong Hair Conditioner, Gotukola & Coconut Oil | Kumarika Strong Hair Shampoo Gotukola & Coconut Oil"
Earth Essence,23,Earth  Essence Moisturizer Body Lotion Exotic | Earth Essence Face Cream Herbal | Earth Essence Face Wash Herbal | Earth Essence Hair Shampoo
Lipton,23,Lipton Ceylonta Tea Bags 100S | Lipton Green Tea Pure | Lipton Gt Honey And Lemon | Lipton Gt Peach And Cinnomon
Kvc,23,Kvc Coconut Treackle | Kvc Jam Mixed Fruit | Kvc Jam Strawbery Flav. Melon | Kvc Tomato Paste
Kellogg'S,23,Kellogg'S Chocos | Kellogg'S Corn Flakes Real Almond Honey | Kellogg'S Millet Muesli | Kellogg'S Real Honey Cornflakes 300G Buy 1 Get 1 Free
Sobako,23,Sobako Corn Rice Porridge | Sobako Horse Gram Porridge | Sobako Mavee Rice | Sobako Suwandel Rice
Ma`S,22,Ma`S Biriyani Masala | Ma`S Colombo Chicken Curry Paste | Ma`S Red Hot Curry Paste | Ma`S Yellow Rice Paste
Khao,22,Khao Shong 3 In 1 Cappuccino | Khao Shong 3 In 1 Super Rich Coffee Mix | Khao Shong Coffee | Khao Shong Coffee Mix Mocha Coffee
Khao Shong,22,Khao Shong 3 In 1 Cappuccino | Khao Shong 3 In 1 Super Rich Coffee Mix | Khao Shong Coffee | Khao Shong Coffee Mix Mocha Coffee
Eva,22,Eva Cotton Feel Wings | Eva Dritex Heavy Flow Wings | Eva Dritex Ultra Thin Wings | Eva Dritex Wings
Siddhalepa,22,Siddhalepa Ayur Natural Asamodagam Spirit | Siddhalepa Balm | Siddhalepa Lak Peyawa | Siddhalepa Supirivicky Toothpaste
Enchanteur,22,Enchanteur Perfumed Deo Roll-On Alluring | Enchanteur Perfumed Deo Roll-On Charming | Enchanteur Perfumed Deo Roll-On Romantic | Enchanteur Talc Romantic
Royal,21,Royal Chef Poori | Royal Chilli Garlic Cashew Nuts | Royal Gala Apple | Royal Hot & Spicy Cashew Nuts
Yeti,21,Yeti Bcaa Isotonic Drink Berry Flavoured | Yeti Isotonic Green Mango And Citrus | Yeti Isotonic Pomegranate | Yeti Vitamin Orange Drink
Fanta,21,Fanta Cream Soda-Pet | Fanta Orange-Pet | Fanta Portello Pet | Fanta Portello-Pet
Samaposha,21,Samaposha | Samaposha Cereal | Samaposha Cereal Choxy 180G | Samaposha Choxy Cereal
Bio,21,Bio Clean Tile And Surface Cleaner Cinnamon | Bio Clean Tile And Surface Cleaner Kohomba | Bio Clean Toilet Cleaner Citrus | Bio Clean Toilet Cleaner Floral
Turkey,21,Turkey Canola Oil | Turkey Corn Oil | Turkey Pure Coconut Oil | Turkey Sunflower Oil
Rexona,21,Rexona Aloe Fresh Roll-On Deodorant | Rexona Powder Dry Roll-On Deodorant | Rexona Shower Clean Deo Spray | Rexona Sports Defence Roll-On Deodorant
Velvet,21,"Velvet Body Lotion, All Day Fresh | Velvet Body Wash, Wild Rose & Cherry Blossom | Velvet Soap Orange And Honey | Velvet Soap Rose Petals And Milk Multi Pack,350G"
Sobada,21,Sobada Ayurveda Dasa Panguwa | Sobada Polpala | Sobada Ranawara Mal | Sobada Venivel Geta
La Treats,21,La Treats Caribbean Rum Dark Chocolate | La Treats Fruit & Nut Chocolate | La Treats Pomace Brandy Milk Chocolate | La Treats White Chocolate
Suhana,21,Suhana Asafoetida Black | Suhana Biryani Masala | Suhana Butter Chicken Mix | Suhana Chicken Biriyani Mix
Pears Baby,20,Pears Baby Cologne Dolphin Dew | Pears Baby Cream Pure & Gentle | Pears Baby Cream Rathmal | Pears Baby Pink Floral Cologne
Sun,20,Sun Crush Imper. Tonic Water | Sun Crush Imperial Club Soda | Sun Crush Original Bitter Lemon | Sun Crush Sparkling Green Apple Drink
Fontana,20,Fontana Apple Juice | Fontana Cranberry Juice | Fontana Orange Juice | Fontana Pomegranate Drink
Fragata,20,Fragata Black Olives | Fragata Capers In Vinegar | Fragata Olive Oil | Fragata Whole Green Olives
Surf,20,"Surf Excel Laundry Detergent Powder, Comfort | Surf Excel Matic Front Load Liquid Detergent | Surf Excel Matic Front Load Liquid Detergent Refill Pouch | Surf Excel Matic Top Load Detergent Powder"
Lysol,20,Lysol Citrus Disinfectant | Lysol Citrus Surface Cleaner | Lysol Floral Disinfectant | Lysol Lavender Surface Cleaner
Araliya,20,Araliya Broken Keeri Samba | Araliya Premium Nadu Rice | Araliya Supiri Red Raw Rice | Araliya Supiri White Raw Rice
Pedigree,20,Pedigree Adult Chicken & Vegetable Food | Pedigree Adult Chicken Liver Chunks | Pedigree Puppy Chicken & Milk Foods | Pedigree Puppy Chicken Milk Food
Clogard,20,Clogard Chooty Toothpaste Strawberry | Clogard Salt + Mint Gel Toothpaste | Clogard Toothpaste | Clogard Toothpaste Natural Salt
Daily,20,Daily Milk Chocolate | Daily Milk Faluda | Daily Milk Strawberry | Daily Milk Vanilla
Sante,20,Sante Cereal Bar Nut And Almond | Sante Cereal Bar Nut N Almond Choco | Sante Granola Nut | Sante Tropical Muesli Dates Pineapple Papaya
SPAR Local,20,SPAR Local Coconut Oil | SPAR Local Drinking Water | SPAR Local Jack Mackerel Canned Fish | SPAR Local Wheat Flour
Gold,19,"Gold 3In1 Head To Toe Wash,Cool Blast | Gold Deo Spray Classic | Gold Star Garlic Butter | Gold Winner Sunflower Oil"
Nongshim,19,Nongshim Shin Ramyun Noodles | Nongshim Shin Ramyun Noodles Stir Fry With Cheese | Nongshim Shin Ramyun Toomba Stir Fry Spicy And Creamy Flavour | Nongshim Shin Red Super Spicy
Coopoliva,19,Coopoliva Extra Virgin Olive Oil | Coopoliva Pitted Black Olives | Coopoliva Spanish Black Olives | Coopoliva Stuffed Green Olives
Hosen,19,Hosen Baked Beans | Hosen Lychee In Syrup | Hosen Mango In Syrup | Hosen Peaches In Syrup
Vim,19,Vim Dish Wash Bar Multi Pack 100 G | Vim Dishwash Scouring Powder | Vim Lime Fresh Dishwash Liquid | Vim Lime Fresh Dishwash Liquid Spouted Pouch
Rathna,19,"Rathna Nadu Rice | Rathna Single Ruled Book,80 Pages | Rathna Single Ruled Cr Book,80 Pages | Rathna White Raw Rice"
Dum,19,Dum Dum Almond Essence | Dum Dum Baking Powder | Dum Dum Custard Powder | Dum Dum Jelly Apple Flavored
Dum Dum,19,Dum Dum Almond Essence | Dum Dum Baking Powder | Dum Dum Custard Powder | Dum Dum Jelly Apple Flavored
Janet,19,"Janet Peppermint Face Wash | Janet Perfumed Deodorant, Lilac Mist | Janet Perfumed Deodorant, White Lily | Janet Wild Strawberry Lip Balm"
Fadna,19,Fadna Bittergourd Tea | Fadna Diabe Tea Sabaragamuwa | Fadna Shape Up Tea Bags | Fadna Tummy Tea Bags
American,19,American Garden Apple Cider Vinegr | American Garden Peanut Butr Creamy | American Garden Peanut Butr Crunchy | American Garden White Vinegar
DASH,19,DASH Air Freshener Strawberry | DASH Disinfectant Pine Top | DASH Glass Cleaner | DASH Tile Cleaner
Arunalu,18,Arunalu Kooni | Arunalu Shark | Arunalu Thalapath | Arunalu Thalapath Dry Fish
Magna,18,Magna Cheezy Onion Bite | Magna Devilled Mixture | Magna Indian Mixture | Magna Jumbo Peanuts
Daintee,18,Daintee Fruity Drops | Daintee Milady Ã‰Clair Orange | Daintee Milady Éclair Strawberry | Daintee Xtra Original
Nipuna,18,Nipuna Broken Keeri Samba | Nipuna Nadu Rice | Nipuna Red Raw Rice | Nipuna White Raw Rice
Acon,18,Acon Birthday Candles | Acon Birthday Letter Candles | Acon Crepe Strips | Acon Snow Spray
Ayush,18,Ayush Anti Marks & Oil Control Face Cream | Ayush Glowing Radiance Soap | Ayush Natural Glow & Protect Face Wash | Ayush Total Oral Care Toothpaste
Link,18,Link Samahan Canister Sachets 4 G | Link Samahan Sachets 4 G | Link Sudantha Toothbrush - Medium | Link Sudantha Toothpaste
Anods Cocoa,18,Anods Cocoa Chocolate Spread | Anods Cocoa Cocoa Powder | Anods Cocoa Dark Choco Compound | Anods Cocoa Milk Choco Compound
SERA,18,SERA Chilli Pieces | SERA Chilli Powder | SERA Pepper Powder | SERA Turmeric Powder
Diva,17,Diva Flowers Rose & Lime | Diva Fresh Jasmin & Lime | Diva Fresh Rose & Lime | Diva Germ Guard Liquid Detergent
Aer,17,Aer Power Pocket Berry Rush Air Freshner | Aer Power Pocket Fresh Blossom Air Freshner | Aer Power Pocket Lavender Bloom Air Freshner | Aer Power Pocket Sea Breeze Air Freshner
Bio Clean,17,Bio Clean Tile And Surface Cleaner Cinnamon | Bio Clean Tile And Surface Cleaner Kohomba | Bio Clean Toilet Cleaner Citrus | Bio Clean Toilet Cleaner Floral
Renuka Coconut,17,Renuka Coconut Milk | Renuka Coconut Milk Powder | Renuka Coconut Milk Tetra Pack | Renuka Coconut Milk Thick Can
Goldi,17,Goldi Beef Sausages | Goldi Boneless Chicken Cubes | Goldi Boneless Mutton Cubes | Goldi Chicken Meatballs
Mr. Pop,17,Mr. Pop Cass/Chip Cheese&Onion | Mr. Pop Cassava Chips Barbeque | Mr. Pop Classic Original Snack | Mr. Pop Manioc Chips 45G Spicy
Mauri,17,Mauri Baking Powder | Mauri Baking Soda | Mauri Corn Flour | Mauri Vanilla Powder
Zesta,17,"Zesta Green Tea Bags,37.5G | Zesta Tea | Zesta Tea Bags | Zesta Tea Foil Pouch"
Tresemme,17,Tresemme Hair Mask Keratin Smooth | Tresemme Keratin Smooth Conditioner | Tresemme Keratin Smooth Hair Serum | Tresemme Keratin Smooth Shampoo
Beam,17,"Beam Belimal Herbal Drink, 20 Pcs | Beam Citronella Oil | Beam Pawatta Talsookiri Syrup, No Added Sugar | Beam Pawatta Thalsookiri Syrup"
Apple,17,Apple - China Fuji | Apple - Green | Apple - Red U.S.A. | Apple - Royal Gala
Dermapro,17,Dermapro Aloe 95% Gel | Dermapro Jasmine Cooling Toner | Dermapro Rose Water | Dermapro Sebum Cntrl Face Wash
Seepet,17,Seepet Aluminium Bowl 15Cm | Seepet Aluminium Bowl 20Cm | Seepet Long Bread Toy | Seepet Malaseb Medictd Shampoo
Bayara,17,Bayara Almonds Powder | Bayara Almonds Sliced | Bayara Cajun Seasoning | Bayara Mint Dry
PRIMA,17,"PRIMA Chakki Atta Flour | PRIMA Kottu Mee Hot and Spicy 5 Pack | PRIMA Kottu Mee, Hot & Spicy | PRIMA Kottumee Korean Ramen"
Sugar,16,Sugar Free Choco Spread Smooth Cocoa Hazelnut | Sugar Free Granola Bars Oats With Chocolate | Sugar Plantain | Sugar Plantain Full Hand
7,16,7 Star Semolina | 7 Up | 7 Up Can | 7 Up Mega
Shan,16,Shan Bombay Biriyani Mix | Shan Caramel Pudding | Shan Chocolate Biscuit Pudding | Shan Watalappan
Silvermill,16,Silvermill Coconut Milk | Silvermill Pure Coconut Oil | Silvermill Real C/ Milk V/P | Silvermill Real Coconut Sambol
Surf Excel,16,"Surf Excel Laundry Detergent Powder, Comfort | Surf Excel Matic Front Load Liquid Detergent | Surf Excel Matic Front Load Liquid Detergent Refill Pouch | Surf Excel Matic Top Load Detergent Powder"
Nature`S,16,Nature`S Love Green Pumpkin Seeds | Nature`S Secrets Carrot Face Wash | Nature`S Secrets Cucumber Face Wash | Nature`S Secrets Peppermint Face Wash
Heladiv Ice,16,Heladiv Ice Tea Syrup Lemon | Heladiv Ice Tea Syrup Lychee | Heladiv Ice Tea Syrup Peach | Heladiv Ice Tea Syrup Strawberry
Island,16,Island Arabica Coffee Jar | Island Coffee | Island Coffee Regular | Island Coffee Vanilla
Vivya,16,Vivya Face Wash | Vivya Intense Restore Night Cream | Vivya Pure Glow Face Wash | Vivya Skin Recharge Serum
Gents,16,Gents Formal Shoe S10 Bj00012 | Gents Rubber Slipper Axel - 877-9542 (10) | Gents Rubber Slipper Axel - 877-9542 (5) | Gents Rubber Slipper Axel - 877-9542 (9)
Super,16,Super Chef Peanut Butter Crunchy | Super Chef Rice Noodles Stick 10Mm 375 | Super Chef Rice Noodles Stick 3Mm 375 | Super Chef Rice Vermicelli
Oreo,16,Oreo Cereal | Oreo Soft Cake | Oreo Ice Cream | Oreo Red Velvet
SUNQUICK,16,SUNQUICK  Mixed fruit Rtd | SUNQUICK Berry Mix Rtd | SUNQUICK Guava & Strawberry | SUNQUICK Orange
MALIBAN Biscuit,16,MALIBAN Biscuit Cream Cracker | MALIBAN Biscuit Gold Marie | MALIBAN Biscuit Krisco | MALIBAN Biscuit Milk Short Cake
MALWATTE,16,MALWATTE Clove Whole Pods | MALWATTE Cumin Seeds | MALWATTE Fenugreek Seeds | MALWATTE Roasted Curry Powder
CATCH,16,CATCH  Chilli Powder | CATCH Curry Powder | CATCH Fenugreek Seeds | CATCH Roasted Curry Powder
NATURE'S,16,NATURE'S SECRETS Cleansing Milk Cucumber | NATURE'S SECRETS Face Wash Carrot | NATURE'S SECRETS Face Wash Cucumber | NATURE'S SECRETS Face Wash Kohomba Kaha
NATURE'S SECRETS,16,NATURE'S SECRETS Cleansing Milk Cucumber | NATURE'S SECRETS Face Wash Carrot | NATURE'S SECRETS Face Wash Cucumber | NATURE'S SECRETS Face Wash Kohomba Kaha
Soul,15,Soul Chocolate Drink | Soul Coffee Iced Coffee Choco | Soul Coffee Iced Coffee Hazelnut | Soul Coffee Iced Coffee Latte
Cirio,15,Cirio Extra Jam Apricot | Cirio Extra Jam Blueberry | Cirio Orange Marmalade | Cirio Pasta Sauce Basilico
Comfort,15,Comfort Fabric Conditioner Super Sensorial Desire | Comfort Lily Fresh Fabric Conditioner | Comfort Morning Fresh Fabric Conditioner | Comfort Perfume Deluxe Royale Fabric Conditioner
Colmans,15,Colmans Cocount Water Vinegar | Colmans Natural Vinegar | Colmans Orange Flavoured Drink Powder | Colmans White Vinegar
Home,15,"Home Bake Bread Crumbs | Home Bake Garlic Bread | Home Bake Sandwich Bread | Home Bake Vegetable Patties, 10Pcs"
Home Bake,15,"Home Bake Bread Crumbs | Home Bake Garlic Bread | Home Bake Sandwich Bread | Home Bake Vegetable Patties, 10Pcs"
Sam`S,15,Sam`S Chicken Chinese Rolls | Sam`S Chicken Kochchi Bites | Sam`S Chicken Nuggets | Sam`S French Fries
Me-O,15,Me-O Cat Food Pouch Ocean Fish | Me-O Cat Food Pouch Tuna& W/Fish | Me-O Complete Mackerel Adult Cat Food | Me-O Complete Seafood Adult Cat Food
Whiskas,15,Whiskas Adult Ocean Fish Food | Whiskas Adult Tuna Cat Food | Whiskas Kitten Ocean Fish And Milk | Whiskas Tuna
Str,15,Str Battery Water | Str Super Shine Dashboard Polish | Str Tyre Shine | Str Wash And Wax
Nature`S Secrets,15,Nature`S Secrets Carrot Face Wash | Nature`S Secrets Cucumber Face Wash | Nature`S Secrets Peppermint Face Wash | Nature`S Secrets Turmeric Face Wash
Colour,15,Colour Me Flowers Body Spray Parfum De Toilette | Colour Me Gold Body Spray Eau De Toilette | Colour Me Pink Body Spray Parfum De Toilette | Colour Me Red Body Spray
Colour Me,15,Colour Me Flowers Body Spray Parfum De Toilette | Colour Me Gold Body Spray Eau De Toilette | Colour Me Pink Body Spray Parfum De Toilette | Colour Me Red Body Spray
Al,15,Al Madina Khalas Dates | Al Madina Peanut & Sesame Dates | Al Madina Pistachio Dates | Al Madina Wht Choco Dates Hzlnt
Luv,15,Luv Es Only Orange Lip Balm | Luv Es Rose Exotique B/Butter | Luv Es Rose Exotique Body Scrub | Luv Es Water Lily Shower Gel
Luv Es,15,Luv Es Only Orange Lip Balm | Luv Es Rose Exotique B/Butter | Luv Es Rose Exotique Body Scrub | Luv Es Water Lily Shower Gel
MA'S,15,MA'S  Pasta Sauce Garlic | MA'S Sauce Garlic & Chilli | MA'S Tamarind Paste | MA'S Tandoori Masala
DETTOL,15,DETTOL Antiseptic Liquid | DETTOL Hand Wash Cool | DETTOL Hand Wash Refill Cool | DETTOL Hand Wash Skin Care
Kids,14,"Kids Joy Baby & Mama Bag (L) Kjo053 | Kids Joy Baby Mosquito Net Kjn830 | Kids Joy Baby Sleeping Bag Print Kjq416 | Kids Joy Feeding Bottle, Blue, 120Ml"
Kids Joy,14,"Kids Joy Baby & Mama Bag (L) Kjo053 | Kids Joy Baby Mosquito Net Kjn830 | Kids Joy Baby Sleeping Bag Print Kjq416 | Kids Joy Feeding Bottle, Blue, 120Ml"
Lankasoy,14,Lankasoy Chicken Flavour | Lankasoy Curry Flavour | Lankasoy Mutton Flavor Soya Meat | Lankasoy Regular Soya
Sab,14,"Sab Dried Katta | Sab Dried Keeramin Salaya | Sab Dried Sprats, Headless | Sab Dried Thalapath"
Baraka,14,Baraka Joint Ease Oil | Baraka Pure Bee Honey | Baraka Virgin Coconut Oil | Baraka Wild Bee Honey
Pasta,14,Pasta - Bulk | Pasta Roma Pasta Sauce Chilli | Pasta Roma Pasta Sauce Garlic | Pasta Roma Pasta Sauce Herb
Herman,14,Herman Mayonnaise | Herman P/Butter Spread Creamy | Herman Pasta Sauce | Herman Pizza Sauce
Godrej,14,"Godrej Expert Hair Color Powder,Black | Godrej Expert Hair Dye Powder Black | Godrej Expert Shampoo, Black | Godrej Fab Liquid Detergent"
Lia,14,"Lia Incense Sticks, Blue Lily | Lia Incense Sticks, Jasmine | Lia Incense Sticks, Lavenderz | Lia Incense Sticks, Morga"
Lovera,14,Lovera Caramel Topping | Lovera Chocolate Topping | Lovera Strawberry Topping | Lovera White Chocolate Flavoured Topping
4Rever,14,4Rever Aloe Vera 95% Real Soothing Gel | 4Rever Body Milk Aloe Lavender | 4Rever Gold Nourishing & Glowing Moisturising Body Milk | 4Rever Sun Protection Cream Spf 30+
Axe,14,Axe Black Deodorant Body Spray | Axe Dark Temptation Deodorant Body Spray | Axe Gold Temptation Deodorant Body Spray | Axe Signature Mysterious Body  Deodorant
Chicken,14,Chicken Drumsticks | Chicken Hotdog ** | Chicken Winglets | Chicken Wings
Casa,14,Casa Rinaldi Carbonara Sauce | Casa Rinaldi Garlic Hot Pepper Aglio Olio Sauce | Casa Rinaldi Puttanesca Sauce | Casa Rinaldi Tomato Paste With Basil
Casa Rinaldi,14,Casa Rinaldi Carbonara Sauce | Casa Rinaldi Garlic Hot Pepper Aglio Olio Sauce | Casa Rinaldi Puttanesca Sauce | Casa Rinaldi Tomato Paste With Basil
Mikee,14,Mikee Coconut Milk Toffee | Mikee Kisses Strawberry | Mikee Marshmallows Strawberry | Mikee Passion Fruit Marshmallows
Acon Party,14,Acon Party Candle Relighting | Acon Party Metallic Happy Birth Day Candle Set | Acon Party Sparkling Candles 2 Pcs | Acon Party Spiral Gold Candle Set
Orient,14,Orient Barley | Orient Dried Kuni | Orient Green Peas | Orient Kidney Beans
Rice,14,Rice Nadu Bulk Kg - Local | Rice Red Kekulu Bulk Kg - Local | Rice Samba Bulk Kg - Local | Rice Supiri Keeri Samba Bulk Kg
MC,14,MC CURRIE Black Pepper Powder | MC CURRIE Cinnamon Quills | MC CURRIE Crushed Chillie | MC CURRIE Unroasted Chillie Powder
Khomba Baby,13,Khomba Baby Colgne Herbal | Khomba Baby Soap Floral Multi Pack | Khomba Baby Soap Milk | Khomba Baby Soap Venivel
Golden,13,"Golden Cow Rusk Original | Golden Cow Rusk, Banana | Golden Crop White Basmathi | Golden Star Green Peas"
Mucro,13,Mucro Advance Calamine Lotion Smart | Mucro Advance Calamine Powder Smart | Mucro Junior Sun Cream Spf 30+ | Mucro Light Protective Advance Sun Lotion Spf 50+
Arla,13,Arla Danish Havarti Cheese | Arla Emmental Cheese Slices | Arla Gouda Cheese Slices | Arla Havarti Cheese Slices
Castello,13,Castello Cheese Blue | Castello Cheese Camembert | Castello Cheese Danish Brie | Castello Danish Blue Cheese
Mountain,13,Mountain Dew | Mountain Dew Lemon Flavoured Can | Mountain Dew Pitch Black | Mountain Stag Coffee Classic
Coca,13,Coca Cola Pet | Coca Cola Vanilla Can | Coca Cola Zero | Coca Cola-Pet
Master,13,Master Spice Chilli Paste | Master Spice Maldive Fish Sambol | Master Spice Seeni Sambol | Master Spice Spicy Lime Pickle
Master Spice,13,Master Spice Chilli Paste | Master Spice Maldive Fish Sambol | Master Spice Seeni Sambol | Master Spice Spicy Lime Pickle
Heinz,13,Heinz Baked Beans | Heinz Baked Beans In Tomato Sauce | Heinz Tomato Ketchup | Heinz Tomato Ketchup Pouch
Marmite,13,Marmite Spread Small 50G | Marmite Yeast Extract | Marmite Yeast Extract Large | Marmite Yeast Extract Medium
Stop-O,13,Stop-O Brick Jasmine Bouquet Air Freshner | Stop-O Brick Lavender Dew Air Freshner | Stop-O Power Bag Amber Rose Air Freshenar | Stop-O Power Bag Apple Cinnamon Air Freshner
Finex,13,Finex Car Door Tissue 50S | Finex Car Holdr Canister Tissues 60S | Finex Kitchen Towel 2Ply 2S | Finex Momento Black Paper Serviettes 50S
Milma,13,Milma Atta Puri | Milma Idli/Dosa Batter | Milma Shawarma | Milma Tortilla
Marina,13,Marina Coconut Oil | Marina Coconut Oil Pack | Marina Cooking Oil | Marina Vegetable Ghee
Center,13,"Center Fresh Chewing Gum | Center Fresh Crch Strbry Flv 28G Btl | Center Fresh Crunch | Center Fresh Fruit Chewing Gum,Strawberry"
Sooper,13,Sooper Vegan Eggless Chocolate Mousse | Sooper Vegan Mango Flavoured Soy Milk | Sooper Vegan Pineapple Soy Milk | Sooper Vegan Soy Milk Faluda Shake
Clear,13,Clear Complete Soft Care Shampoo | Clear Cool Sport Menthol Shampoo | Clear Ice Cool Menthol Shampoo | Clear Shampoo Complete Soft Care
Adidas,13,Adidas Fresh Endurance 72Hr Anti-Transpirant | Adidas Ice Dive Cool & Aquatic Deo Body Spray For Men | Adidas Pure Game Deep & Aromatic Deo Body Spray | Adidas Shower Gel Ice Dive 3In1
Pure,13,Pure Dale Full Cream Pouch | Pure Dale Kirithe Zero | Pure Dale Non - Fat | Pure Dale Puredale Full Cream
Dad'S,13,Dad'S Garden Japanese Katsu Sauce | Dad'S Garden Sweet Soy Sauce | Dad'S Garden Thai Sweet Chilli Sauce | Dad'S Garden Worcestrshire
Dad'S Garden,13,Dad'S Garden Japanese Katsu Sauce | Dad'S Garden Sweet Soy Sauce | Dad'S Garden Thai Sweet Chilli Sauce | Dad'S Garden Worcestrshire
Mogrills,13,Mogrills Atta Flour | Mogrills Broken Wheat | Mogrills Gingeli Oil | Mogrills Instant Hopper Mixure
DILMAH,13,DILMAH Leaf Tea Premium | DILMAH Leaf Tea Strong | DILMAH Premium Tea Bags 50s/ | DILMAH Tea Bag 100s Premium
EDIN,13,EDIN Oyster Sauce Sqz Bottle | EDIN Rose Syrup Flavoured | EDIN Soy Sauce Sqz | EDIN Sweet Chilli Sauce Sqz
MC CURRIE,13,MC CURRIE Black Pepper Powder | MC CURRIE Cinnamon Quills | MC CURRIE Crushed Chillie | MC CURRIE Unroasted Chillie Powder
Spring,12,Spring Home Paratha Whole Meal | Spring Home Rotti Paratha Onion | Spring Home Rotti Paratha Plain | Spring Onion
Good,12,Good Harvest Green Beans | Good Harvest Japanese Cucumber | Good Harvest Spine Gourd | Good Harvest Tomato
Rich,12,Rich Cinnamon Stick | Rich Gram Flour | Rich Maldive Fish Chips | Rich Tamarind
Pelwatte,12,Pelwatte Butter | Pelwatte Butter Unsalted | Pelwatte Full Cream Milk Powder | Pelwatte Non Fat Milk Powder
Diamond,12,Diamond Fruit & Nut Muesli | Diamond Full Cream Milk Powder | Diamond Tuna In Sunflower Oil | Diamond Tuna Sunflower Oil
Coco,12,Coco Fresh Chocolate Flavored Coconut Milk Drink | Coco Fresh Coconut Milk Drink Plain | Coco Fresh Coffee Flavored Coconut Milk Drink | Coco Fresh Vanilla Flavored Coconut Milk Drink
Coco Fresh,12,Coco Fresh Chocolate Flavored Coconut Milk Drink | Coco Fresh Coconut Milk Drink Plain | Coco Fresh Coffee Flavored Coconut Milk Drink | Coco Fresh Vanilla Flavored Coconut Milk Drink
Bebo,12,Bebo Apple Drink | Bebo Guava Drink | Bebo Lychee Drink | Bebo Soursop Drink
Sab Dried,12,"Sab Dried Katta | Sab Dried Keeramin Salaya | Sab Dried Sprats, Headless | Sab Dried Thalapath"
Dimo,12,"Dimo 12W Pin Type Led Bulb,Day Light | Dimo 7W Pin Type Led Bulb, Day Light | Dimo 7W Pin Type Led Bulb,Day Light | Dimo 9W Pin Type Led Bulb,Day Light"
Tip,12,"Tip Top Commode Brush With Caddy | Tip Top Cotton Mop, 250G | Tip Top Plastic Broom | Tip Top Plastic Hand Scrub"
Tip Top,12,"Tip Top Commode Brush With Caddy | Tip Top Cotton Mop, 250G | Tip Top Plastic Broom | Tip Top Plastic Hand Scrub"
Cargills,12,Cargills Ceylon Traditional Red Rice Flour | Cargills Ceylon Traditional White Rice Flour | Cargills Kuruluthuda Rice | Cargills Suwandel Rice
Sam`S Chicken,12,Sam`S Chicken Chinese Rolls | Sam`S Chicken Drumsticks | Sam`S Chicken Kochchi Bites | Sam`S Chicken Nuggets
Finest,12,Finest Back Bacon | Finest Bacon Ends | Finest Chicken Garlic Sausages | Finest Chicken Sausages
Chupa,12,Chupa Chups Bubble Gum Filled Lollipop Blueberry Flavour | Chupa Chups Gum Filled Lollipop | Chupa Chups Gum Fld Lolipop Bbry | Chupa Chups Lollipops
Chupa Chups,12,Chupa Chups Bubble Gum Filled Lollipop Blueberry Flavour | Chupa Chups Gum Filled Lollipop | Chupa Chups Gum Fld Lolipop Bbry | Chupa Chups Lollipops
Mr.Pop,12,Mr.Pop Cheezi Ballz | Mr.Pop Kochchi Ballz | Mr.Pop Onion Ringz | Mr.Pop Onion Starz
Real,12,Real Tasty Baked Peanut | Real Tasty Dehydrated Cashew Nuts | Real Tasty Devilled Dhall | Real Tasty Nut Mixture
Real Tasty,12,Real Tasty Baked Peanut | Real Tasty Dehydrated Cashew Nuts | Real Tasty Devilled Dhall | Real Tasty Nut Mixture
Zesta Tea,12,Zesta Tea | Zesta Tea 25S | Zesta Tea Bags | Zesta Tea Foil Pouch
Pantene,12,Pantene Shampoo Deep Repair | Pantene Shampoo Luscious Thick | Pantene Silky Smooth Conditioner | Pantene Silky Smooth Shampoo
Yardley,12,Yardley Deodorant Roll On Gentleman Elite | Yardley Edt Original | Yardley Navy Body Spray For Men | Yardley Navy Eau De Toilette For Men
Paldo,12,Paldo Jumbo Hot & Spicy | Paldo Jumbo Seafood | Paldo Lobster Ramen | Paldo Zanmang Loopy Spicy Jjajang Noodles
Akshata,12,Akshata Kaluheenati Rice | Akshata Kuruluthuda Rice | Akshata Pachchaperumal Rice | Akshata Suwandel Rice 4Kg
Tiptop,12,Tiptop Jet Scrub | Tiptop Mop | Tiptop Plastic Deck Brush | Tiptop Up Right Broom
Rebecaa,12,Rebecaa Lee B-Soap Eco Pak Cor 70G*5 | Rebecaa Lee Cheeky Monkey Kids Soap | Rebecaa Lee D/Dino Cologne | Rebecaa Lee Dre Prin Cologne
Rebecaa Lee,12,Rebecaa Lee B-Soap Eco Pak Cor 70G*5 | Rebecaa Lee Cheeky Monkey Kids Soap | Rebecaa Lee D/Dino Cologne | Rebecaa Lee Dre Prin Cologne
Sandul,12,Sandul Banana Chips | Sandul Bata Tipis | Sandul Biscuit Wine Droplets | Sandul Bread Fruit Chips
NUTRILINE,12,NUTRILINE Choco Blobs | NUTRILINE Choco Chips | NUTRILINE Honey Bee Cereal | NUTRILINE Instant Oats
Coconut,11,Coconut | Coconut Miracle Or/Sesame Oil | Coconut Miracle Organic Raw Virgin Coconut Oil Pet | Coconut Miracle Pure Premium Virgin Coconut Oil
Farlin,11,Farlin Bottle & Nipple Brushes | Farlin Wide Neck Glass Feeding Bottle 160Ml- Ab-32011 | Farlin Wide Neck Glass Feeding Bottle 240Ml- Ab-32010 | Farlin Wide Neck Glass Feeding Bottle 240Ml- Ab-32012
Newdale,11,Newdale Chocolate Flavoured Milk | Newdale Set Plain Yoghurt | Newdale Set Yoghurt Multi Pack 80 G | Newdale Vanilla Flavoured Milk
Milo,11,Milo Chocolate Food Drink | Milo Powder | Milo Rtd Multi Pack 180 Ml | Milo Rtd Tetra Pack
Mirinda,11,Mirinda | Mirinda Orange | Mirinda Orange Can | Mirinda Orange Mega
Coca Cola,11,Coca Cola Can | Coca Cola Pet | Coca Cola Vanilla Can | Coca Cola Zero
Nongshim Shin,11,Nongshim Shin Ramyun Noodles | Nongshim Shin Ramyun Noodles Stir Fry With Cheese | Nongshim Shin Ramyun Toomba Stir Fry Spicy And Creamy Flavour | Nongshim Shin Red Super Spicy
Mal,11,Mal Banister Brush | Mal Floor Wiper | Mal Floor Wiper Small | Mal Plastic Holder Mop
Softlux,11,Softlux Cocktail Serviette 2Ply | Softlux Mini Serviette 1 Ply | Softlux Paper Serviette 1Ply | Softlux Paper Serviette 2Ply
Newtro,11,Newtro Odiyal Flour | Newtro Organic Cassava Flour | Newtro Organic Moringa Leaf Powder | Newtro Purple Yam Flour
Hiru,11,Hiru Crystal Salt | Hiru Nadu Rice | Hiru Rice Keeri Samba | Hiru Table Salt
Cadbury,11,"Cadbury Cocoa Powder | Cadbury Dairy Milk, 4 Bars | Cadbury Drinking Powder | Cadbury Eclairs"
Sigiri,11,Sigiri Cardamom | Sigiri Chilli Pieces | Sigiri Chilli Powder | Sigiri Cloves
Sooper Vegan,11,Sooper Vegan Eggless Chocolate Mousse | Sooper Vegan Mango Flavoured Soy Milk | Sooper Vegan Pineapple Soy Milk | Sooper Vegan Soy Milk Faluda Shake
Watawala,11,Watawala 25S Tea Bag | Watawala 50S Tea Bag | Watawala Kahata Pouch | Watawala Tea
Bogawantalawa,11,Bogawantalawa Kahata Classic Loose Tea Pouch | Bogawantalawa Legend Tea | Bogawantalawa Tea Bopf Golden Valley Legend | Bogawantalawa Tea Bopf Kotiyagala Tea
Tresemme Keratin,11,Tresemme Keratin Shampoo | Tresemme Keratin Smooth Conditioner | Tresemme Keratin Smooth Hair Serum | Tresemme Keratin Smooth Shampoo
Emami,11,Emami Fair And Handsome Fairness Cream Men | Emami Hair Oil 7 Oils In One Aloe Vera | Emami He Advanced Grooming Ruler Perfumed Body Spray | Emami He Body Perfume Passion
Velvet Soap,11,"Velvet Soap Milk & Almond | Velvet Soap Orange And Honey | Velvet Soap Orange And Honey Multi Pack, 5Pcs | Velvet Soap Rose Petals And Milk Multi Pack,350G"
Eco,11,Eco Balm Oil | Eco Balm Red | Eco Balm Toothache Drops | Eco Mosquito Repellent Spray
Whisper,11,Whisper Ultra Clean Xl Plus | Whisper Ultra Night Xl Buy 2 Get One Free | Whisper Ultra Night Xl Plus | Whisper Ultra Xl Buy 2 Get One Free
Sb,11,"Sb First Aid Box, Plastic | Sb Glycerine | Sb Zinc Oxide Plaster 1""X1Yd | Sb Zinc Oxide Plaster 1""X5Yd"
Ancient,11,Ancient Nutra Charcoal Capsule | Ancient Nutra Garcinia Organic Capsule | Ancient Nutra Katupila Capsule | Ancient Nutra Organic Triphala Capsule
Ancient Nutra,11,Ancient Nutra Charcoal Capsule | Ancient Nutra Garcinia Organic Capsule | Ancient Nutra Katupila Capsule | Ancient Nutra Organic Triphala Capsule
Aurica,11,Aurica F/Wash Moisturizng Aloe | Aurica Fairness Face Wash Saffron | Aurica Moisturizing Face Wash Aloe Vera | Aurica Purifying Face Wash Neem
Buon,11,Buon Appetito Edam | Buon Appetito Emmenthal | Buon Appetito Gouda | Buon Appetito White Cheddar
Buon Appetito,11,Buon Appetito Edam | Buon Appetito Emmenthal | Buon Appetito Gouda | Buon Appetito White Cheddar
Margarita,11,Margarita Burrata Cheese | Margarita Fresh Mozzarella | Margarita Paneer | Margarita Ricotta Cheese
Sugar Free,11,Sugar Free Choco Spread Smooth Cocoa Hazelnut | Sugar Free Dark Chocolate Crispy Quinoa And Roasted Almond Flavour | Sugar Free Granola Almond And Pumpkin Seed | Sugar Free Granola Bars Oats With Chocolate
Super Chef,11,Super Chef Peanut Butter Crunchy | Super Chef Rice Noodles Stick 10Mm 375 | Super Chef Rice Noodles Stick 3Mm 375 | Super Chef Rice Vermicelli
Haribo,11,Haribo Croco | Haribo Dragibus Original | Haribo Happy Cola | Haribo Happy Life
H&S,11,H&S A/D Sh.+Co. 2In1 A/Protect | H&S A/D Sh.+Co. 2In1 C/Menthol | H&S A/D Shampoo Cool Menthol | H&S A/D Shampoo Smooth & Silky
H&S A/D,11,H&S A/D Sh.+Co. 2In1 A/Protect | H&S A/D Sh.+Co. 2In1 C/Menthol | H&S A/D Shampoo Cool Menthol | H&S A/D Shampoo Smooth & Silky
American Gourmet,11,American Gourmet Apple Cider Vinegar | American Gourmet French Dressing | American Gourmet Italian Dressing | American Gourmet Red Vinegar
Battler,11,Battler Gold Elephant Tea Bag Box 2G*25S | Battler Green Tea Tin Caddy | Battler Tea Black Elephant Box 2G*25S | Battler Tea Black Elephant Tin Caddy
LIFEBUOY,11,LIFEBUOY Body Wash Total Protect | LIFEBUOY Hand Wash Kitchen Fresh | LIFEBUOY Total 10 Body Soap | LIFEBUOY Total 10 Handwash
BELLOSE,11,BELLOSE Dearo Unisex Cool & fresh Roll On | BELLOSE Intense Repair Nourishing Shampoo | BELLOSE Keratin Shampoo | BELLOSE Silicone Hair Treatment
GILLETTE,11,"GILLETTE Blue 11 Pouch 5+1 Free | GILLETTE Razor Blue 3, Single | GILLETTE Razor M3 Refill | GILLETTE Shaving Foam Regular"
PREVENSE,11,PREVENSE Anti Acne Balancing Cleanser | PREVENSE Face Wash Carrot & Pumpking | PREVENSE Honey & Grape Fruit Facial Wash | PREVENSE Scrub
Cow,10,Cow & Gate 6-12 Months | Cow & Gate Next Steps 4 Formula | Cow & Gate Step Up 3 Formula | Cow & Gate Up To 6 Months
Cow &,10,Cow & Gate 6-12 Months | Cow & Gate Next Steps 4 Formula | Cow & Gate Step Up 3 Formula | Cow & Gate Up To 6 Months
Pepsi,10,Pepsi | Pepsi 400 | Pepsi Black Zero Calorie | Pepsi Can
Nestomalt,10,Nestomalt Malt Drink Pack | Nestomalt Malt Drink Pouch | Nestomalt Malted Beverage | Nestomalt Malted Beverage Pouch
7 Up,10,7 Up | 7 Up Can | 7 Up Mega | 7 Up Pet
Viva,10,Viva Malted Drink Pouch | Viva Malted Food Drink Original Pouch | Viva Org Pouch 600G * Free Canister | Viva Original Malted Food Drink Pouch
Horlicks,10,Horlicks Classic Malt Drink | Horlicks Malt Drink | Horlicks Malted Food Drink Carton | Horlicks Malted Food Drink Packet
Sun Crush,10,Sun Crush Imper. Tonic Water | Sun Crush Imperial Club Soda | Sun Crush Original Bitter Lemon | Sun Crush Sparkling Green Apple Drink
Spring Home,10,Spring Home Paratha Whole Meal | Spring Home Rotti Paratha Onion | Spring Home Rotti Paratha Plain | Spring Home Spring Roll Pastry
Krest,10,Krest Chicken Drumsticks | Krest Chicken Mini Kieves | Krest Fish Fingers | Krest Nai Miris Bite 14Pcs
Fabbies,10,Fabbies Gummy Candy | Fabbies Gummy Cola
Fabbies Gummy,10,Fabbies Gummy Candy | Fabbies Gummy Cola
Center Fresh,10,"Center Fresh Chewing Gum | Center Fresh Crch Strbry Flv 28G Btl | Center Fresh Crunch | Center Fresh Fruit Chewing Gum,Strawberry"
Date,10,Date Crown Barhi Thermor | Date Crown Dates Khalas | Date Crown Dates Khalas Pouch | Date Crown Dates-Khenaizi
Date Crown,10,Date Crown Barhi Thermor | Date Crown Dates Khalas | Date Crown Dates Khalas Pouch | Date Crown Dates-Khenaizi
Island Coffee,10,Island Coffee | Island Coffee Plain Pouch | Island Coffee Regular | Island Coffee Vanilla
Soul Coffee,10,Soul Coffee Hazel. Iced Coffee | Soul Coffee Iced Coffee Choco | Soul Coffee Iced Coffee Hazelnut | Soul Coffee Iced Coffee Latte
Fems,10,Fems Cotton Feel Wings | Fems Drytex Wings | Fems Sanitiary Napkins Aya Wings 8S | Fems Superior Heavy Flow
Glow,10,Glow & Handsome Instant Brightness Face Cream | Glow & Handsome Instant Brightness Face Wash | Glow & Lovely Bright Glow Facewash | Glow & Lovely Renew Bright Face Cream
Fogg,10,Fogg Bay Breeze Fine For Men | Fogg Body Spray Monarch | Fogg Body Spray Napoleon | Fogg Fizzy Dew Fine For Men
Olay,10,Olay Day Cream Total Effect Normal | Olay Day Cream Total Effect Normal Spf 15 | Olay Night Cream Total Effect | Olay Regenerits Micro-Sculpting Cream Spf 30
Miracle,10,Miracle Anti Frizz Hair Serum | Miracle D/ Repeir Shampoo | Miracle D/Repeir Conditioner | Miracle Hair Serum
Daily Milk,10,Daily Milk Chocolate | Daily Milk Faluda | Daily Milk Strawberry | Daily Milk Vanilla
Pure Dale,10,Pure Dale Full Cream Pouch | Pure Dale Kirithe Zero | Pure Dale Non - Fat | Pure Dale Puredale Full Cream
Ahmad,10,Ahmad Premium Blend Tea Leaf | Ahmad Tea Bopf Premium Loose Pouch | Ahmad Tea Chai Spice Tea | Ahmad Tea Earl Grey Caddy
T-Sips,10,T-Sips Black Tea Lemon 20Tb | T-Sips Golden Tips | T-Sips Green Tea Apple 20Tb | T-Sips Silver Tips
Bfresh,10,Bfresh Diwul Kiiri Woodapple Fruit Juice | Bfresh Mango Passionade | Bfresh Narang Fruit Juice | Bfresh Passion Delight
Nutrimedley,10,Nutrimedley Mixed Nuts | Nutrimedley Pistachio With Shell | Nutrimedley Protein Nutrimix | Nutrimedley Walnut
Diana,10,Diana Signature Cashew Nut Chc | Diana Signature F & N Chc Bar | Diana Signature Fruit & Nut Chc | Diana Signature Milk Chocolate
Diana Signature,10,Diana Signature Cashew Nut Chc | Diana Signature F & N Chc Bar | Diana Signature Fruit & Nut Chc | Diana Signature Milk Chocolate
Maki'S,10,Maki'S Katta Sambol | Maki'S Lime Pickle | Maki'S Sprats Badun | Maki'S Tamarind Paste
Gindara,10,Gindara Garlic Herbs Hot Sauce | Gindara Mango&Pineapple H/Sauce | Gindara Nai Miris Green Sauce | Gindara Nai Miris Tamar. Sauce
Apple Baby,10,Apple Baby Diaper/Safety Pins 1Pcs | Apple Baby Nail Care Set 1Pcs | Apple Baby Silicone Spoon 1Pcs | Apple Baby Suction Bowl 1Pcs
Number,10,Number Candle Shine -6 | Number Candle Shine -7 | Number Candle Shine -8 | Number Candle Shine -9
Number Candle,10,Number Candle Shine -6 | Number Candle Shine -7 | Number Candle Shine -8 | Number Candle Shine -9
Kanokwan,10,Kanokwan Massaman Curry Paste | Kanokwan Panang Curry Paste | Kanokwan Seafood Dipping Sauce | Kanokwan Sweet Chilli Sauce
MD,10,MD Diabetic Mixed Fruit Jam | MD Mixed Fruit Jam | MD Nectar Mix Fruit | MD Strawberry Flav Melon Jam
MAGGI,10,"MAGGI 2 Minute Noodles, Family Pack | MAGGI Coconut Milk Powder BIB | MAGGI Noodles 2-Minute Chicken | MAGGI Noodles 2-minn Chicken"
FORTUNE,10,FORTUNE Basmati Rice Biriyani | FORTUNE Soya Chicken Flavour | FORTUNE Soya Devilled Chicken Flavour | FORTUNE Vegetable Oil
DETTOL Hand,10,DETTOL Hand Wash Cool | DETTOL Hand Wash Original | DETTOL Hand Wash Refill Cool | DETTOL Hand Wash Skin Care
Bell,9,Bell Pepper Green | Bell Pepper Red | Bell Pepper Yellow
Bell Pepper,9,Bell Pepper Green | Bell Pepper Red | Bell Pepper Yellow
Viscafe,9,Viscafe 3 In 1 Cardamom Tea 360 | Viscafe 3 In 1 Milk Coffee Mix | Viscafe Shong Hot Chocolate Mix | Viscafe Shong Ice Coffee Base Mix
Ratthi,9,Ratthi 3 In 1 Milk Mix | Ratthi Full Cream Milk Powder | Ratthi Milk Powder Bib | Ratthi Plain Set Yoghurt
Mountain Dew,9,Mountain Dew | Mountain Dew Can | Mountain Dew Lemon Flavoured Can | Mountain Dew Pitch Black
Nissin,9,Nissin Mazedaar Masala Cup Noodles | Nissin Seafood Curry Cup Noodles | Nissin Spiced Chicken Cup Noodles | Nissin Top Ramen Fiery Chilli Noodles
Marmite Yeast,9,Marmite Yeast Extract | Marmite Yeast Extract Large | Marmite Yeast Extract Medium | Marmite Yeast Extract Small
Coconut Miracle,9,Coconut Miracle Coconut Oil | Coconut Miracle Or/Sesame Oil | Coconut Miracle Organic Raw Virgin Coconut Oil Pet | Coconut Miracle Pure Premium Virgin Coconut Oil
Mdk,9,Mdk Koththu Rotti | Mdk String Hopper Flour Red | Mdk String Hopper Flour White | Mdk Thosai Mix
Pizza,9,"Pizza Oven Chocolate Croissant, 6 Pcs | Pizza Oven Mini Arabic Bread, 3 Pcs | Pizza Oven Mini Pizza Base, 5 Pcs | Pizza Oven Plain Croissant, 6 Pcs"
Pizza Oven,9,"Pizza Oven Chocolate Croissant, 6 Pcs | Pizza Oven Mini Arabic Bread, 3 Pcs | Pizza Oven Mini Pizza Base, 5 Pcs | Pizza Oven Plain Croissant, 6 Pcs"
Farm,9,Farm Fresh French Fries | Farm Fresh Spicy Potato Wedges | Farm Lanka Chocolate Goat Milk Glass Bottle | Farm Lanka Goat Milk Glass Bottle
Golden Crop,9,Golden Crop Red Fragrant Rice | Golden Crop Sudu Suduru Rice | Golden Crop Suwandel Rice | Golden Crop White Basmathi
Sensodyne,9,Sensodyne Fresh Gel Toothpaste | Sensodyne Toothbrush Soft | Sensodyne Toothpaste Rapid Relief | Sensodyne Toothpaste Whitening
Evangeline,9,Evangeline Edp Chic De Toilette Natural Spray | Evangeline Elle  Edp De Toilette Natural Spray | Evangeline Red Sakura Edp De Toilette Natural Spray | Evangeline Withe Sakura Edp De Toilette Natural Spray
Sterilgarda,9,Sterilgarda 100% Apricot Juice | Sterilgarda 100% Orange Juice | Sterilgarda 100% Peach Juice | Sterilgarda 100% Pear Juice
Fan,9,Fan Apple Juice | Fan Cranberry Drink | Fan Orange Juice | Fan Pomegranate Nectar
Banana,9,Banana - Ambul | Banana - Ambun | Banana - Seeni | Banana Muffin
Wonrich,9,Wonrich Chocolate Milk 450 | Wonrich Curd Claypot | Wonrich Pasteurized Milk | Wonrich Strawberry Milk 450
Prime,9,Prime Nuts Almonds Salted | Prime Nuts Mixed Nuts Salted | Prime Nuts Pistachio Salted | Prime Nuts Pistachios Salted
Lucky,9,Lucky Family Honey Squeezy | Lucky Family Sliced Black Olives | Lucky Family Whole Black Olives | Lucky Family Whole Green Olives
Lucky Family,9,Lucky Family Honey Squeezy | Lucky Family Sliced Black Olives | Lucky Family Whole Black Olives | Lucky Family Whole Green Olives
Candytree,9,Candytree Caraways Coated Cumin Seed | Candytree Fruity Ball Mixed Frut Flv | Candytree Jelly Candy Mixed Frut Flv | Candytree Naran Bik Strawberry
Julies,9,Julies Banana Sandwich | Julies Love Letter Chocolate Wafers | Julies Love Letter Vanilla Wafers | Julies Sugar Crackers
N.Secret,9,N.Secret Face Wash Carrot | N.Secret Face Wash Cucumbr | N.Secret Face Wash Kohomba | N.Secret Toner Cucumbr
Calin,9,Calin Creamy Baby Soap | Calin Gold Venivel Soap | Calin Rose Beauty Soap | Calin White Beauty Soap
Godrej Aer,9,Godrej Aer Machine Refill Cool | Godrej Aer Machine Refill Petal | Godrej Aer Machine Rfl Violet | Godrej Aer Matic Machine Cool
Me-O Cat,9,Me-O Cat Food Mackerel | Me-O Cat Food Pouch Ocean Fish | Me-O Cat Food Pouch Tuna& W/Fish | Me-O Cat Food Tuna
Secrets,9,Secrets Body Mist Blue Bliss | Secrets Body Mist Fresh Miss | Secrets Body Mist Red Kiss | Secrets Cologne Cinde. F/Fruity
4700Bc,9,4700Bc Cheese Microwave Popcorn | 4700Bc Popcorn Butter | 4700Bc Popcorn Cheese | 4700Bc Popcorn Peri Peri
Arunalu Dry,9,Arunalu Dry Fish Katta | Arunalu Dry Fish Mora | Arunalu Dry Fish Prawns | Arunalu Dry Fish Seer
Basso,9,Basso Avacado Oil | Basso Extra Virgin Olive Oil | Basso Extra Virgin Olive Oil Spray | Basso Olive Oil
Battler Tea,9,Battler Tea Black Elephant Box 2G*25S | Battler Tea Black Elephant Tin Caddy | Battler Tea Flavoured Orange & Cinnamon Tin Caddy | Battler Tea Green Elephant Box 2G*25S
HARISCHANDRA,9,HARISCHANDRA Coffee | HARISCHANDRA Noodles Special | HARISCHANDRA Papadam | HARISCHANDRA Plain Noodles
RAIGAM,9,RAIGAM Coffee | RAIGAM Deveni Batha White Rice | RAIGAM Esi Salt | RAIGAM Fried & Devel Chicken Soya
SUN,9,SUN CRUSH Sparkling Ginger Drink | SUN CRUSH Sparkling Green Apple Drink | SUN CRUSH Sparkling Mango Drink | SUN CRUSH Sparkling Orange Drink
SUN CRUSH,9,SUN CRUSH Sparkling Ginger Drink | SUN CRUSH Sparkling Green Apple Drink | SUN CRUSH Sparkling Mango Drink | SUN CRUSH Sparkling Orange Drink
EVA,9,"EVA Cotton Feel Wings, 16s | EVA Dritex Wings, 10s | EVA Dritex Wings, 16s | EVA Regular Heavy Flow Wings, 8s"
BIO,9,BIO CLEAN Toilet Bowl Cleaner | BIO CLEAN Toilet Bowl Cleaner Floral | BIO Clean Tile & Surface Cleaner Floral | BIO OIL Skincare Oil
Bee,8,Bee Safe Cabbage Leaves | Bee Safe Carrot | Bee Safe Green Beans | Bee Safe Leeks
Heavenly,8,Heavenly Cappuccino Ice Cream Cone | Heavenly Caramel Toffee Ice Cream Cone | Heavenly Cookies & Cream Ice Cream | Heavenly Forest Berries Ice Cream Cone
Lakspray,8,Lakspray Full Cream Milk Powder Pouch | Lakspray Milk Powder Box | Lakspray Milk Powder Non Fat | Lakspray Milk Powder Sachet
Dads,8,Dads Garden Hot Shot Sauce | Dads Garden Japanese Katsu Sauce | Dads Garden Steak & Grill Sauce | Dads Garden Worcestershire Sauce
Dads Garden,8,Dads Garden Hot Shot Sauce | Dads Garden Japanese Katsu Sauce | Dads Garden Steak & Grill Sauce | Dads Garden Worcestershire Sauce
Captain,8,Captain Instant Oatmeal | Captain Oats | Captain Oats Instant | Captain Quick Cook Oatmeal
Tess,8,Tess Boneless Chicken | Tess Chicken In Brine | Tess Supiri Samba Rice | Tess Yellowfin Tuna Fish In Chilli Oil
Berry,8,Berry Much Fresh Blueberry | Berry Much Fresh Strawberry | Berry Much Premium Fresh Strawberry | Berry Much Real Strawberry Jam
Berry Much,8,Berry Much Fresh Blueberry | Berry Much Fresh Strawberry | Berry Much Premium Fresh Strawberry | Berry Much Real Strawberry Jam
Kiwi,8,Kiwi Dranex Drain Cleaner | Kiwi Expert Shine Sponge Black | Kiwi Shoe Polish All Laether | Kiwi Shoe Polish Dark Tan
Bcc,8,Bcc Cooks Joy Refined Coconut Oil | Bcc White | Bcc White Coconut Oil | Bcc White Oil
Alpenliebe,8,Alpenliebe Jelly Bears&Bottles | Alpenliebe Just Jelly | Alpenliebe Lollipop Original | Alpenliebe Strawberry Pouch
Dumbara,8,Dumbara Kithul Jaggery | Dumbara Kithul Jaggery Cubes | Dumbara Kithul Jaggery Cubes With Cinnamon | Dumbara Kithul Juggery
Lion,8,Lion Dates Syrup | Lion Deseeded Dates | Lion Ginger Beer Pet | Lion Kashmir Bee Honey
Closeup,8,Closeup Complete 12 Multivitamin Toothpaste | Closeup Naturals Clove & Orange Toothpaste | Closeup Peppermint Splash Gel Toothpaste | Closeup Red Hot Gel Toothpaste
Denta,8,Denta Comfort Soft Toothbrushes | Denta Comfort Toothbrush - Medium | Denta Comfort Toothbrush - Soft | Denta Comfort Toothbrushes
Rani,8,"Rani Sandalwood Soap | Rani Sandalwood Soap, 70G | Rani Shower Cream, Milk , Honey And Turmeric | Rani Shower Cream, Sandalwood Original"
Glow &,8,Glow & Handsome Instant Brightness Face Cream | Glow & Handsome Instant Brightness Face Wash | Glow & Lovely Bright Glow Facewash | Glow & Lovely Renew Bright Face Cream
Goya,8,Goya Body Mist Love Affair | Goya Cologne Jasmine | Goya Cologne Rose | Goya Cologne Spray Carnation
Diabetasol,8,Diabetasol | Diabetasol Creamy Almond Nutrient Powder Tin | Diabetasol Sachets | Diabetasol Vanilla Tin
Nivea,8,Nivea B/Lotion Aloe Hydra | Nivea Body Lotion Aloe Hydration | Nivea Express Hydration Body Lotion | Nivea Soft Light Moisturizing Cream
Denver,8,Denver Deodorant Body Spray  Honour | Denver Deodorant Body Spray  Imperial | Denver Sporting Club Deodorant Body Spray  Champ | Denver Sporting Club Deodorant Body Spray  Gold
Ariya,8,Ariya Basmathi Rice | Ariya Full Cream Milk Powder Foil Pack | Ariya Full Cream Milk Powder Shelf Pack | Ariya Suduru Samba Rice
Ahmad Tea,8,Ahmad Tea Bopf Premium Loose Pouch | Ahmad Tea Chai Spice Tea | Ahmad Tea Earl Grey Caddy | Ahmad Tea Flavoured Chai Spice Box
Quaker,8,Quaker Chocolate 3 In 1 Oat Cereal Drink 15S | Quaker Crispy Cranberry Cereal | Quaker Crispy Oat & Honey Cereal | Quaker Vanilla 3 In 1 Oat Cereal Drink 15S
Keto,8,Keto  Luxury Dates | Keto Ginger Paste | Keto Peanut Spread Creamy No Added Sugar | Keto Peanut Spread Crunchy No Added Sugar
Chello,8,Chello Aloe Vera Yoghurt | Chello Dri/Yoghurt Soursop Alo | Chello Set Yoghurt Jelly Fruit | Chello Yoghurt Kithul Peni
Al Madina,8,Al Madina Khalas Dates | Al Madina Peanut & Sesame Dates | Al Madina Pistachio Dates | Al Madina Wht Choco Dates Hzlnt
Prime Nuts,8,Prime Nuts Almonds Salted | Prime Nuts Mixed Nuts Salted | Prime Nuts Pistachio Salted | Prime Nuts Pistachios Salted
Yumart,8,Yumart Egg Noodles 300 | Yumart Glass Noodles 250 | Yumart Rice Stick Noodles 6Mm 400 | Yumart Rice Vermicelli 500
Mamas,8,Mamas Basil | Mamas Oregano | Mamas Rosemary | Mamas Thyme
Acroyali,8,Acroyali Dark Sweet Pitted Cherry 825 | Acroyali Peach Halves 825 | Acroyali Pear Halves In Syrup 825 | Acroyali Red Maraschino Cherry With Stem 737
Gents Rubber,8,Gents Rubber Slipper Axel - 877-9533 (7) | Gents Rubber Slipper Axel - 877-9542 (10) | Gents Rubber Slipper Axel - 877-9542 (5) | Gents Rubber Slipper Axel - 877-9542 (9)
Jeewaka,8,Jeewaka Hair Treatment Oil | Jeewaka Handi Thailaya | Jeewaka J. | Jeewaka Vata Thilaya Box
Evon,8,Evon Cleansing Cream Cucumber | Evon Cleansing Cream Vitamin C | Evon Face Scrub Cucumber | Evon Face Wash Cucumber
Bhpc,8,Bhpc Polo S/Men Deo Spray Blk | Bhpc Polo S/Men Deo Spray Blu | Bhpc Polo S/Men Deo Spray Red | Bhpc Polo S/Men Deo Spray Wht
Bhpc Polo,8,Bhpc Polo S/Men Deo Spray Blk | Bhpc Polo S/Men Deo Spray Blu | Bhpc Polo S/Men Deo Spray Red | Bhpc Polo S/Men Deo Spray Wht
Sudantha,8,Sudantha Expert Care Soft Toothbrush | Sudantha Herbal Tooth Paste | Sudantha Smile Toothbrush Medium | Sudantha T/Brush Double Promo
Nsk,8,Nsk Absorbent Cotton Gauze 0.5 Yard | Nsk Absorbent Cotton Wool | Nsk Elastic Crape Bandege 3X5Yrds | Nsk Surgical Bandage 4'S 3X5Yrds
Countree,8,Countree Baked Beans In Tomato Sauce | Countree Canned Chick Peas In Brine | Countree Canned Lychee In Syrup | Countree Canned Peach Slcs In Syrup
Gourmet,8,Gourmet Cheese Popcorn | Gourmet Chilli Garlic Popcorn | Gourmet Creamy Butter Toffee Popcorn | Gourmet Dark Chocolate Bark Popcorn
KOTMALE,8,KOTMALE Faluda Flavored Milk | KOTMALE Uht Brick Full Cream | KOTMALE Uht Chocolate Flavored Milk | KOTMALE Uht Vanilla Flavored Milk
AHMAD,8,AHMAD TEA 100's Tea bag English Breakfast | AHMAD TEA 25's Tea Bags Green Tea | AHMAD TEA Ceylon Tea (Premium Blend) | AHMAD Tea Ceylon Tea (Premium Blend)
MOTHA,8,MOTHA Baking Powder | MOTHA Corn Flour | MOTHA Faluda Mix Rose | MOTHA Icing Sugar
Edin,8,Edin Chutney Mango | Edin Nelli Cordial | Edin Sarasaparilla Syrup | Edin Soya Bean Sauce
NATURE,8,NATURE Curry Powder | NATURE Maldive Fish | NATURE Pepper Powder | NATURE Turmeric Powder
RANI,8,RANI Shower CRM Original Sandalwood | RANI Shower Crm White Sandalwood | RANI Soap Sandalwood | RANI Soap Sandalwood 5 IN 1
CLOGARD,8,CLOGARD Gel Toothpaste Clove & Eucalyptus | CLOGARD Tooth Brush Smart (M) | CLOGARD ToothPaste Regular | CLOGARD Toothpaste Regular
BIC,8,BIC 3 Razor | BIC Lady Razor | BIC Razor Flex 3 | BIC Razor Pure 3 Lady
Bee Safe,7,Bee Safe Cabbage Leaves | Bee Safe Carrot | Bee Safe Green Beans | Bee Safe Leeks
Pampers,7,"Pampers Baby Diaper Pants, L | Pampers Baby Diaper Pants, Xl | Pampers Baby Diaper Pants,M | Pampers Baby Pants Medium 40'S"
Pampers Baby,7,"Pampers Baby Diaper Pants, L | Pampers Baby Diaper Pants, Xl | Pampers Baby Diaper Pants,M | Pampers Baby Pants Medium 40'S"
Viscafe Shong,7,Viscafe Shong Cardamom Tea | Viscafe Shong Hot Chocolate Mix | Viscafe Shong Ice Coffee Base Mix | Viscafe Shong Ice Coffee Mix
Alerics,7,Alerics Cookie Dough Ice Cream | Alerics Dark Chocolate Ice Cream | Alerics Salted Caramel & Honeycomb Ice Cream | Alerics Strawberry Cheese Cake Ice Cream
Horlicks Malted,7,Horlicks Malted Food Drink Carton | Horlicks Malted Food Drink Packet | Horlicks Malted Food Drink Packet 350G + Free Mug
Peacock,7,Peacock Cream Corn | Peacock Kernel Corn | Peacock Straw Mushrooms | Peacock Young Corn
Park,7,Park Avenue Beer Shampoo Shiny And Bouncy | Park Avenue Premium Body Spray Neo | Park Avenue Premium Body Spray Voyage | Park View Noodles
Samaayu,7,Samaayu Gotukola Porridge | Samaayu Kolakenda Karapincha | Samaayu Kolakenda Welpenela | Samaayu Mixed Herbal Porridge
F&W,7,F&W Gherkin Chips | F&W Jalapeno Peppers | F&W Jalapeno Rings In Vinegar | F&W Whole Gherkin In Vinegar
Bubble,7,Bubble All Out Detergent Liquid | Bubble Compact Washing Powder | Bubble Compact Washing Powder With Aloe Vera | Bubble Detegent Powdr Aloe Vera
Selpak,7,Selpak Soft Touch Paper Napkin | Selpak Toilet Paper Powder Scented 3 Ply | Selpak Toilet Paper Super Soft 3 Ply | Selpak Toilet Roll Deluxe
Amritha,7,Amritha Incense Sticks | Amritha Jasmine Joss Sticks | Amritha Joss Sticks 4 In1 | Amritha Sandalwood Joss Sticks
Sara'S,7,"Sara'S Chicken Nuggets, 25Pcs | Sara'S Chicken Sausages | Sara'S Fish Chinese Rolls, 10Pcs | Sara'S Jumbo Chicken Sausages"
Supersun,7,Supersun Custard Powder | Supersun Meatless Vege Cubes | Supersun Vege Hot Dog Sausages | Supersun Vege Sandwitch Slices
Finest Chicken,7,Finest Chicken Bockwurst | Finest Chicken Cheese & Onion Sausages | Finest Chicken Garlic Sausages | Finest Chicken Sausages
Lorenz,7,Lorenz Crunchips Potato Chips Cheese And Onion | Lorenz Crunchips Potato Chips Salted | Lorenz Naturals Potato Chips Classic | Lorenz Naturals Potato Chips Rosemary
Cadbury Dairy,7,"Cadbury Dairy Milk | Cadbury Dairy Milk Chocolate | Cadbury Dairy Milk Hazelnut Chocolate | Cadbury Dairy Milk, 4 Bars"
Daawat,7,Daawat Devaaya Basmati Rice | Daawat Rice White Basmathi 1Kg (5U) | Daawat Super Basmati Rice
Dumbara Kithul,7,Dumbara Kithul Jaggery | Dumbara Kithul Jaggery Cubes | Dumbara Kithul Jaggery Cubes With Cinnamon | Dumbara Kithul Juggery
Balloon,7,Balloon Metallic Black 10Pcs | Balloon Metallic Green 10Ps | Balloon Metallic Red 10Pcs | Balloon Metallic Silver 10Pcs
Balloon Metallic,7,Balloon Metallic Black 10Pcs | Balloon Metallic Green 10Ps | Balloon Metallic Red 10Pcs | Balloon Metallic Silver 10Pcs
Aryu,7,Aryu Aloe Vera Soothing Gel | Aryu Mosquito Repellent Lotion | Aryu Mosquito Repellent Spray | Aryu Surf Guard Cream
Himalaya,7,Himalaya Moisturizing Aloe Vera Face Wash | Himalaya Natural Glow Kesar Face Cream | Himalaya Natural Glow Kesar Face Wash | Himalaya Oil Clear Lemon Face Wash
Veet,7,"Veet Hair Removal Cream Sensitive Skin | Veet Hair Removal Cream,Normal Skin | Veet Wax Strips Normal Skin 8Pcs | Veet Wax Strips Sensitive Skin 8Pcs"
Embrace,7,Embrace Edp Dakar | Embrace Edp Ferrera Vip Rose | Embrace Edp Nikita Fantacy | Embrace Edp Paris Men Only
Embrace Edp,7,Embrace Edp Dakar | Embrace Edp Ferrera Vip Rose | Embrace Edp Nikita Fantacy | Embrace Edp Paris Men Only
Kopiko,7,Kopiko 78Â°C Coffee Latte | Kopiko Coffee Candy Cappuccino Pouch | Kopiko Coffee Candy Original Pouch | Kopiko Macchiato 3 In 1
Loli,7,Loli Tails Ins/Dri/Pwrd Faluda | Loli Tails Ins/Dri/Pwrd Mix Fruit | Loli Tails Instant Drink Powder Lime | Loli Tails Instant Drink Powder Mango
Arla Cheese,7,Arla Cheese Cheddar Chunks | Arla Cheese Cheddar Slices | Arla Cheese Slices Havarti | Arla Cheese Slices Mozzarella
Bread,7,Bread Talk Biscuit Pudding | Bread Talk Redcherry Cheese Cake Slice | Bread Talk Tiramisu | Bread Talk White & Dark Mousse
Banana -,7,Banana - Ambul | Banana - Ambun | Banana - Kolikuttu | Banana - Seeni
Mccain,7,Mccain Fries Masala | Mccain Potato Base Smiles | Mccain Super Wedges Western | Mccain Vege Nuggets
Mayasi,7,Mayasi Paw Cheese | Mayasi Paw Corn | Mayasi Peanuts Chili | Mayasi Peanuts Garlic
Bikano,7,Bikano Besan Laddu | Bikano Chips Cream & Onion | Bikano Chips Tangy Tomato | Bikano Gulab Juman
Natura,7,Natura Ceylon Cry Leaves Cashew | Natura Ceylon Dehy Cashew 160G Btl | Natura Ceylon Devld Cashew 160G Btl | Natura Ceylon Salted Cashew
Natura Ceylon,7,Natura Ceylon Cry Leaves Cashew | Natura Ceylon Dehy Cashew 160G Btl | Natura Ceylon Devld Cashew 160G Btl | Natura Ceylon Salted Cashew
Tai,7,Tai Sun Oriental Mix | Tai Sun Peanut Crackers | Tai Sun Roasted Broad Beans | Tai Sun Roasted Peanuts
Tai Sun,7,Tai Sun Oriental Mix | Tai Sun Peanut Crackers | Tai Sun Roasted Broad Beans | Tai Sun Roasted Peanuts
Nutrinno,7,Nutrinno Fetucine Beetroot | Nutrinno Fetucine Saffron Pasta | Nutrinno Fetucine Spinach Pasta | Nutrinno Granola Cranb. & Honey
Maya,7,Maya Chilli Paste | Maya Eggless Garlic Mayo Sq Btl | Maya Hodda | Maya Yeast Sachet Box (12G X 5)
Vicenzi,7,Vicenzi Cantuccini Cookies | Vicenzi Hazelnut Filled Puff Pastry Rolls | Vicenzi Hazelnut Wafer Cubes | Vicenzi Vanilla Wafer Cubes
Fox'S,7,Fox'S Berries Pouch | Fox'S Fruits Oval Candy | Fox'S Fruity Mints Oval Candy | Fox'S Mint Blossom Oval Candy
Planter'S,7,Planter'S Kitchen Ambulthiyal 250G (Rte) | Planter'S Kitchen Chicken Curry 250G (Rte) | Planter'S Kitchen Polos Curry 250G (Rte) | Planter'S Kitchen Pork Curry 250G (Rte)
Planter'S Kitchen,7,Planter'S Kitchen Ambulthiyal 250G (Rte) | Planter'S Kitchen Chicken Curry 250G (Rte) | Planter'S Kitchen Polos Curry 250G (Rte) | Planter'S Kitchen Pork Curry 250G (Rte)
Flava,7,Flava Mixchunks Mix Juc | Flava Organic Virgin Coconut Oil | Flava Pineapp Chunk Own Juc | Flava Rambtn Chk Pineappjuc
Hortons,7,Hortons Baked Beans | Hortons Cream Corn | Hortons Mushroom Pieces & Stems | Hortons Sweet Corn
Ravan,7,Ravan Black Hair Colour Liquid | Ravan Black Hair Colour Shampoo Blister Tube Pack | Ravan Hair Colour Blister Pack | Ravan Heral Black Heena Dye Pack
Ccuk,7,Ccuk Foundation Cream 1Pcs | Ccuk Hdm Lipstick 1Pcs | Ccuk Lip Definer 1Pcs | Ccuk Nail Polish 1Pcs
Sri,7,Sri Beauty Alovera Oil | Sri Beauty Carrot Powder | Sri Beauty Lime Peel Powder | Sri Beauty Sweet Orange Peel Oil
Sri Beauty,7,Sri Beauty Alovera Oil | Sri Beauty Carrot Powder | Sri Beauty Lime Peel Powder | Sri Beauty Sweet Orange Peel Oil
Hope,7,Hope Butter Cookies | Hope Butter Sugar Free Cookies | Hope Chocolate Chip Cookies | Hope Peanut Cookies
ZESTA,7,ZESTA Green Tea Bags 25s | ZESTA Prem Tea | ZESTA Premium Tea | ZESTA Tea Bag 50s
STAR,7,STAR GOLD Brown Sugar | STAR GOLD Dhal | STAR GOLD Gold Wheat Flour | STAR GOLD White Sugar
STAR GOLD,7,STAR GOLD Brown Sugar | STAR GOLD Dhal | STAR GOLD Gold Wheat Flour | STAR GOLD White Sugar
CIC,7,CIC Red Suduru | CIC Suwandel | CIC Suwandel Rice | CIC White Basmathi
SAMAPOSHA,7,SAMAPOSHA | SAMAPOSHA 4GB Nutra | SAMAPOSHA Grains & Greens | SAMAPOSHA Nutri Plus Kurakkan
Mccurry,7,Mccurry Fenugreek Seeds | Mccurry Maldive Fish Chips | Mccurry Mustard Powder | Mccurry Un/Chillie Powder
AMRONA,7,AMRONA Biriyani Masala | AMRONA Just Grind Curry Mixture | AMRONA Just Grind Jaffna Curry Mixture | AMRONA Just Grind Roasted Curry Mixture
Pasta Zara,7,Pasta Zara Conchigili 054 | Pasta Zara Penne Regate 067 | Pasta Zara Spaghetti 003 | Pasta Zara Spirali Fusilli 057
KHOMBA,7,KHOMBA Body Wash Lemongrass | KHOMBA Body Wash Original | KHOMBA Soap Original 5 In 1 | KHOMBA Soap Original Herbal
LUX,7,LUX Botanicals Honey & Lotus Body Wash | LUX Bright Glow | LUX Fragrance Skin Body Wash | LUX Limited Edition Multipack
JANET,7,JANET Face Wash Fair & Natural | JANET Face Wash Peppermint | JANET Lip Balm Chocolate | JANET Lip Balm Tutty Fruity
LYSOL,7,LYSOL Citronella | LYSOL Citrus | LYSOL Floral | LYSOL Lavender
Cabbage,6,Cabbage | Cabbage Leaves
Sustagen,6,Sustagen Chocolate | Sustagen Junior Chocolate | Sustagen Junior Vanilla | Sustagen Vanilla
Diamond Full,6,Diamond Full Cream Milk Powder | Diamond Full Cream Milk Powder Pouch
Blue,6,Blue Band Cream | Blue Berry | Blue Diamond Almond Breeze Milk Original | Blue Diamond Almond Milk Unsweet
Nel,6,Nel Farm Brown Egg Large 10S | Nel Farm Brown Egg Large 6S | Nel Farm Brown Eggs Extra Large 10S | Nel Farms Eggs Large
Ride,6,Ride Classic Energy Drink | Ride Glow Apple Energy Drink | Ride Red Berry Energy Drink | Ride Sugar Free Energy Drink
Viva Original,6,Viva Original Bib | Viva Original Malted Food Drink Carton | Viva Original Malted Food Drink Pouch
Aquafina,6,Aquafina Bottled Drink. Water | Aquafina Bottled Drinking Water | Aquafina Bottled Drinking Water Pet Bottle | Aquafina Drinking Water
Sprite,6,Sprite Can | Sprite Pet | Sprite Zero-Pet
K,6,K Mate Baking Paper | K Mate Disposable Gloves | K Mate Non Wowen Kitchen Towel | K Super Crispy Malt Milk Chocolate
Rin,6,Rin Anti Germ Washing Powder | Rin Anti-Germ Detergent Powder | Rin Reefresh Washing Powder | Rin Refresh Detergent Powder
Brightex,6,Brightex Heavy Duty Pad Red Scrub | Brightex Scrubber Sponge | Brightex Sponge Scrub | Brightex Tough Scourer
Natures,6,Natures Love Chia Seeds | Natures Love Flax Seeds | Natures Love Psyllium Husk | Natures Love Quinoa Seeds
Natures Love,6,Natures Love Chia Seeds | Natures Love Flax Seeds | Natures Love Psyllium Husk | Natures Love Quinoa Seeds
Ocean,6,Ocean Spray Cranberry Juice | Ocean Star Chilean Jack Mackerel | Ocean Star Jack Mackerel | Ocean Star Mackerel
Banno,6,Banno Basmati Biriyani Rice | Banno Basmati Extra Long Rice | Banno Biriyani Rice | Banno Extra Long Basmathi Rice
Maurimix,6,Maurimix Brownie Mix | Maurimix Chocolate Mousse Mix | Maurimix Vanilla Muffin Mix | Maurimix Whip Topping Mix
Raala,6,Raala Kithul Jaggery Cubes | Raala Kithul Jaggery Slab | Raala Kithul Treacle | Raala Traditional Sweets Konda Kewum 8 Pieces
Bogawanthalawa,6,Bogawanthalawa Classic Tea | Bogawanthalawa Extra Strong Tea | Bogawanthalawa Legend Black Tea Bags | Bogawanthalawa Legend Green Tea Bags
Watawala Tea,6,Watawala Tea | Watawala Tea Pouch
Drools,6,Drools Chicken & Eggs Adult Nutrition | Drools Chicken & Eggs Puppy Nutrition
Drools Chicken,6,Drools Chicken & Eggs Adult Nutrition | Drools Chicken & Eggs Puppy Nutrition
Lets,6,Lets Bite Active Adult Dog Food | Lets Bite Active Puppy Dog Food | Lets Bite Cat Food 400G Adult | Lets Bite Cat Food 400G Kitten
Lets Bite,6,Lets Bite Active Adult Dog Food | Lets Bite Active Puppy Dog Food | Lets Bite Cat Food 400G Adult | Lets Bite Cat Food 400G Kitten
Let`S,6,Let`S Bite Active Adult Ocean Fish Buy One Get One Free | Let`S Bite Active Adult Ocean Fish Cat Food | Let`S Bite Active Kitten Ocean Fish Cat Food | Let`S Bite Active Persian Ocean Fish Cat Food
Let`S Bite,6,Let`S Bite Active Adult Ocean Fish Buy One Get One Free | Let`S Bite Active Adult Ocean Fish Cat Food | Let`S Bite Active Kitten Ocean Fish Cat Food | Let`S Bite Active Persian Ocean Fish Cat Food
Durex,6,Durex - Performa | Durex Extra Safe | Durex Extra Safe Condoms 3S | Durex Fetherlite
Isispharma,6,Isispharma Ilcapil Kr Anti-Dandruff Shampoo | Isispharma Neotone Gel | Isispharma Sensylia 24H Cream | Isispharma Teen Derm Gel
Fogg Body,6,Fogg Body Spray Marco | Fogg Body Spray Monarch | Fogg Body Spray Napoleon | Fogg Body Spray Royal
O'Nelle,6,O'Nelle Cleansing Milk 100 | O'Nelle Face Scrub 100 | O'Nelle M/Vitamin Face Wash 100 | O'Nelle Pigmentation Cream
Colgate,6,Colgate Tooth Paste Ge S/F Red | Colgate Toothpaste Gelc/M Blue | Colgate Toothpaste Peppermint Ice | Colgate Toothpaste Spicy Fresh
Fair,6,Fair And Handsome Instant Radiance Face Wash | Fair Squared Period Cup Large | Fair Squared Period Cup Medium | Fair Squared Period Cup Small
Her,6,Her Majesty Body Mist Floral Miss | Her Majesty Body Mist Pink Blush | Her Majesty Body Mist Silk Musk | Her Majesty Body Mist Summer Song
Her Majesty,6,Her Majesty Body Mist Floral Miss | Her Majesty Body Mist Pink Blush | Her Majesty Body Mist Silk Musk | Her Majesty Body Mist Summer Song
Revlon,6,Revlon Colorsilk 3D Dark Brown Hair Colour | Revlon Colorsilk 3D Hair Color -Black | Revlon Colorsilk 3D Hair Color -Brown Black | Revlon Colorsilk 3D Hair Color -Soft Black
Pantene Shampoo,6,Pantene Shampoo Deep Repair | Pantene Shampoo Luscious Thick | Pantene Shampoo Silky Care
Moods,6,Moods Allnight | Moods Condom Dotted | Moods Dotted | Moods Ultra Thin
O`Nelle,6,O`Nelle Berry Fusion Face Wash | O`Nelle Nail Colour Remover | O`Nelle Sunscreen Spf 50 Pa+++ | O`Nelle Under Arm Care
Nataraj,6,Nataraj Eraser | Nataraj Flourescent Scales 15Cm | Nataraj Mathematical Box | Nataraj Pencils 621
Stassen,6,Stassen Organic Black Tea Bopf Bags(2Gx25) | Stassen Organic Pure Ceylon Black Tea | Stassen Organic Pure Green Tea Bags(2Gx25) | Stassen Supreme Liquid Gold Tea Bags 100S
Old,6,Old Spice Original Aftershave Lotion Plastic Bottle | Old Town 3 In 1 Extra Rich Coffee | Old Town Classic Can | Old Town Coffee Can - Hazelnut
Greenday,6,Greenday Café Latte | Greenday Fruiteez Corn Flakes | Greenday Promo Pack Fruiteez & Strawberry | Greenday Strawberry Corn Flakes
Oncup,6,Oncup Bluelemon Ade | Oncup Mango Ade | Oncup Peach Iced Tea | Oncup Watermelon Ade
Virgilio,6,Virgilio Grana Padano Dop | Virgilio Mascarpone | Virgilio Parmigiano Reggiano 14 | Virgilio Parmigiano Reggiano 24
Bread Talk,6,Bread Talk Biscuit Pudding | Bread Talk Redcherry Cheese Cake Slice | Bread Talk Tiramisu | Bread Talk White & Dark Mousse
Crispy,6,Crispy Boneless Thigh | Crispy Cut Wings | Crispy Loin | Crispy Popcorn
Three,6,Three Star Organic Cut Gotukola | Three Star Organic Gotukola | Three Star Organic Kankun | Three Star Organic Kathurumurunga
Three Star,6,Three Star Organic Cut Gotukola | Three Star Organic Gotukola | Three Star Organic Kankun | Three Star Organic Kathurumurunga
Pringles,6,Pringles Original Potato Chips | Pringles Pizza + Egb Promo | Pringles Sour Cream & Onion P/C | Pringles Sour Cream & Onion Potato Chips
Donna,6,Donna Chiara Mezzi Gomiti | Donna Chiara Pasta Farfalloni | Donna Chiara Pasta Fusilli | Donna Chiara Pasta Penne
Donna Chiara,6,Donna Chiara Mezzi Gomiti | Donna Chiara Pasta Farfalloni | Donna Chiara Pasta Fusilli | Donna Chiara Pasta Penne
Aswenna,6,Aswenna Chickpea Dosa Mix | Aswenna Green Gram Dosa Mix | Aswenna Kurakkan Dosa Mix | Aswenna Kurakkan Dosa Mixture
Snapin,6,Snapin Mixed Herbs | Snapin Oregano | Snapin Pasta Mix | Snapin White Onion Powder
Cherish,6,Cherish Biscuit Duplex | Cherish Chocolate Cream Wafers | Cherish Milk Wafers | Cherish Pink Wafers
Oristor,6,Oristor Koonisso Badun | Oristor Mango Pickle | Oristor Seafood Chilipaste | Oristor Sprats Bedun
N,6,N Joy Coconut Oil | N Joy Pure Coconut Oil
N Joy,6,N Joy Coconut Oil | N Joy Pure Coconut Oil
Glanrich,6,"Glanrich Garden Spay Nozzle On/Off | Glanrich Garden Spay Nozzle Set | Glanrich Micro Sprinkler-1/2"" With Plate | Glanrich Sink Tap - Super Grade 1/2"""
N.Secrets,6,N.Secrets B/Lotion Aloe Vera | N.Secrets B/Lotion Carrot | N.Secrets Face Scrub Sandun | N.Secrets N/Cream Anti Wrinkle
Oks,6,Oks Bath Sponge 1459 | Oks Chamois Car Towel 6643 B | Oks Microfiber Glove 5111 | Oks Microfibre Cloth 4040
Body,6,Body Doo Aloe Hydration | Body Doo Extra White Sun Protection | Body Doo Restoring Care
Body Doo,6,Body Doo Aloe Hydration | Body Doo Extra White Sun Protection | Body Doo Restoring Care
Starlight,6,Starlight Dishwash Bar | Starlight Lavender W/Powder | Starlight Lavender/Peach W/Powder | Starlight Rose L/Liquid Pouch
Secrets Cologne,6,Secrets Cologne Cinde. | Secrets Cologne Cinde. F/Fruity | Secrets Cologne Cinde. S/Kisses | Secrets Cologne Spray Rose
Nutrimate,6,Nutrimate Cereal Choco Bubbles | Nutrimate Corn Flakes | Nutrimate Frooti Rings Box | Nutrimate Wonderstars Cup
Pastarina,6,Pastarina Chifferini Rigate | Pastarina Coquillettes | Pastarina Spaghetti N5 | Pastarina Vermicelli
Dimes,6,Dimes 100% Juice Apple Tetra | Dimes 100% Juice Orange Tetra | Dimes 100% Juice Red Fruit Tetra | Dimes Less Sugar Peach Nectar Tetra
NESCAFE,6,NESCAFE Classic Coffee Jar | NESCAFE Classic Jar | NESCAFE Milk Ice Coffee | NESCAFE Original 3 in 1 Sachet
YETI,6,YETI Collagen | YETI Isotonic Blast | YETI Isotonic Pomegranate | YETI Vitamin Orange
LANKASOY,6,LANKASOY Chickosoy Roast Chicken | LANKASOY Soy Chicken | LANKASOY Soya Mutton | LANKASOY Soya Regular
Hiru Nishpadana,6,Hiru Nishpadana Dry Keelan | Hiru Nishpadana Dry Keeramin | Hiru Nishpadana Dry Sprats | Hiru Nishpadana Dry Sprats Hedless
ROZA,6,ROZA Pasta Fussilli | ROZA Pasta Penne | ROZA Pasta Rigatoni | ROZA Pasta Shell
ROZA Pasta,6,ROZA Pasta Fussilli | ROZA Pasta Penne | ROZA Pasta Rigatoni | ROZA Pasta Shell
MCCURRY,6,MCCURRY Chinese Chilli Paste | MCCURRY Mango Chutney | MCCURRY Seeni Sambol Mix | MCCURRY Turmeric Powder
NUTRILINE Choco,6,NUTRILINE  Choco Blobs | NUTRILINE Choco Blobs | NUTRILINE Choco Chips | NUTRILINE Choco Grain
Malwatte,6,Malwatte Curry Leaf Powder | Malwatte Mustard Seeds | Malwatte Noodles | Malwatte Turmeric Powder
GOVI,6,GOVI ARUNA Chilli Powder | GOVI ARUNA Katarolu Flour | GOVI ARUNA Unroasted Curry Powder | GOVI ARUNA Whole Kernel Sweet Corn Can
KEELLS,6,KEELLS  Corned Beef Canned | KEELLS Chicken Meat Balls | KEELLS Chicken Meat Balls Canned | KEELLS Corned Mutton Canned
TEEPOL,6,TEEPOL Dishwash Lime refill pack | TEEPOL Dishwash Orange | TEEPOL Glass Cleaner | TEEPOL Hand Wash Turmeric & Tea Tree Oil
VIM,6,"VIM Dishwash Bar Multipack, 100g*3 | VIM Dishwash Liquid (PET) | VIM Dishwash Powder | VIM Dishwash bar"
DIVA,6,DIVA Germguard Powder | DIVA Powder Rose & Lime | DIVA Powder Sepalika | DIVA Power Colour Guard Liquid Detergent
SOFTOUCH,6,SOFTOUCH 2x French Perfume | SOFTOUCH 2x Royal Perfume | SOFTOUCH Ocean Breeze Blue
GOOD,6,GOOD KNIGHT Coil 10hr Act Green 10s | GOOD KNIGHT Cordless Advanced | GOOD KNIGHT Hit Cik | GOOD KNIGHT Liquid Refill 60nt
GOOD KNIGHT,6,GOOD KNIGHT Coil 10hr Act Green 10s | GOOD KNIGHT Cordless Advanced | GOOD KNIGHT Hit Cik | GOOD KNIGHT Liquid Refill 60nt
Nan,5,Nan 1 Hm-0 Starter Formula | Nan 1 Hm-O Infant Formula 0-6M | Nan 1 Hm-O Starter Infant Formula 0-6 Months | Nan 2 Follow Up Formula
Splash,5,Splash Baby Wet Wipes | Splash Moist Towel Glamourous | Splash Moist Towel Mens | Splash Moist Towel Natural Forest
Imorich,5,Imorich Choc Choc Chip Ice Cream | Imorich Cookie Cream Ice Cream | Imorich Rocky Road Ice Cream | Imorich Very Berry Ice Cream
Naturals,5,Naturals Greek Yoghurt | Naturals Greek Yoghurt Blueberry | Naturals Greek Yoghurt Mango | Naturals Greek Yoghurt Peach
Naturals Greek,5,Naturals Greek Yoghurt | Naturals Greek Yoghurt Blueberry | Naturals Greek Yoghurt Mango | Naturals Greek Yoghurt Peach
Kinley,5,Kinley Drinking Water-Pet | Kinley Soda | Kinley Soda Pet | Kinley Soda Pet Bottle
Olu,5,Olu Natural Mineral Water -Glass | Olu Natural Mineral Water Glass | Olu Tropical Sparkling Wate | Olu Tropical Sparkling Water
100,5,100 Plus Energy Drink Original | 100 Plus Iso Tonic Original | 100 Plus Lemon & Lime Drink | 100 Plus Zero Sugar Iso Drink
100 Plus,5,100 Plus Energy Drink Original | 100 Plus Iso Tonic Original | 100 Plus Lemon & Lime Drink | 100 Plus Zero Sugar Iso Drink
May,5,May Day Butter Cookies Tin Blue | May Sparkling Fruit Juice White Grape | May Sparkling Red Grape | May Sparkling White Grape
Greenland,5,Greenland Baby Corn | Greenland Cream Style Corn | Greenland Lychee In Syrup | Greenland Sweet Corn
Nutella,5,Nutella & Go | Nutella Chocolate Hazelnut Spread | Nutella Chocolate Spread | Nutella Hazelnut Spread
Teepol,5,"Teepol Dish Wash Gel Lime | Teepol Dish Wash Lime, Refill Pack | Teepol Dish Wash Liquid, Orange | Teepol Dish Wash Orange, Refill Pack"
Teepol Dish,5,"Teepol Dish Wash Gel Lime | Teepol Dish Wash Lime, Refill Pack | Teepol Dish Wash Liquid, Orange | Teepol Dish Wash Orange, Refill Pack"
Kiwi Shoe,5,Kiwi Shoe Polish All Laether | Kiwi Shoe Polish Black | Kiwi Shoe Polish Dark Tan | Kiwi Shoe Polish Darktan
Helios,5,"Helios Power Shiner All 3 Colors In 1 -Black, Brown, Neutral | Helios Shoe Shine Sponge Natural | Helios Shoe Whitener | Helios Sports & Sneakers Care Kit"
Softny,5,Softny Comfy Blue Fabric Conditioner | Softny Fa/Conditioner Fresh | Softny Fabric Conditioner Comfy Blue | Softny Fabric Conditioner Nature Fresh
Seven,5,Seven Seas Cod Liver Oil Capsules | Seven Star All Purpose Wheat Flour | Seven Star Cake Flour | Seven Star Chakki Atta Flour
Bcc White,5,Bcc White | Bcc White Coconut Oil | Bcc White Coconut Oil Bottle | Bcc White Oil
Nikado,5,Nikado Amami Papadam | Nikado Hopper Mixture | Nikado Special Papadam | Nikado White Rice Flour
Navin,5,Navin Basil | Navin Oregano | Navin Paprika Hot | Navin Rosemary
Sara'S Chicken,5,"Sara'S Chicken Jumbo Sausages | Sara'S Chicken Meatballs | Sara'S Chicken Nuggets, 25Pcs | Sara'S Chicken Sausages"
Chef,5,Chef Samosa Pastry | Chef Samosa Pastry (2.8*8.5) | Chef Spring Roll Pastry
Farm Fresh,5,Farm Fresh French Fries | Farm Fresh French Fries Shoestring | Farm Fresh Spicy Potato Wedges
Ocean Star,5,Ocean Star Chilean Jack Mackerel | Ocean Star Jack Mackerel | Ocean Star Mackerel
Rage,5,Rage Coffee Silk Blend Belgian Chocolate | Rage Coffee Silk Blend Classic | Rage Coffee Silk Blend Cream Hazelnut | Rage Coffee Silk Blend Vanilla Velvet
Rage Coffee,5,Rage Coffee Silk Blend Belgian Chocolate | Rage Coffee Silk Blend Classic | Rage Coffee Silk Blend Cream Hazelnut | Rage Coffee Silk Blend Vanilla Velvet
Iodex,5,Iodex Balm | Iodex Headfast | Iodex Quick Pain Relief Balm | Iodex Rapid Action Spray
Bees,5,Bees Line Garcenia Capsule | Bees Line Heenbovitiya Capsule | Bees Line Margosa Capsule | Bees Line Papaya Leaves Capsule
Bees Line,5,Bees Line Garcenia Capsule | Bees Line Heenbovitiya Capsule | Bees Line Margosa Capsule | Bees Line Papaya Leaves Capsule
Abha,5,Abha Hair Color Liquid Natural Black | Abha Hair Colour Liquid | Abha Henna Herbal Black | Abha Herbal Black Henna Crã¨Me
Champion,5,Champion Cool Mint Soap | Champion Red Energy Soap | Champion Soap Red Energy 65G*4 | Champion Soap Red Energy 90 G*2 Bundle Pack
Misumi,5,Misumi Blossoms Soap | Misumi Soap Whitening 65 G*2 Bundle Pack | Misumi White Beauty Soap Eco Pack | Misumi Whitening Beauty Soap
Dearo,5,Dearo Deo Roll On Men Aquatic Fresh | Dearo Deo Roll On Sport Fresh Booster | Dearo Deo Roll On Unisex Cool And Fresh | Dearo Deo Roll On Women Fresh Petals
Dearo Deo,5,Dearo Deo Roll On Men Aquatic Fresh | Dearo Deo Roll On Sport Fresh Booster | Dearo Deo Roll On Unisex Cool And Fresh | Dearo Deo Roll On Women Fresh Petals
Head,5,Head & Shoulders 2 In 1 Cool Menthol | Head & Shoulders Anti Dandruff Shampoo+Conditioner 2In1 Active Protect | Head & Shoulders Shampoo Lemon & Fresh | Head & Shoulders Shampoo Smooth & Silky
Head &,5,Head & Shoulders 2 In 1 Cool Menthol | Head & Shoulders Anti Dandruff Shampoo+Conditioner 2In1 Active Protect | Head & Shoulders Shampoo Lemon & Fresh | Head & Shoulders Shampoo Smooth & Silky
Panadol,5,Panadol 500Mg Tablets | Panadol Liquid | Panadol Syrup | Panadol Tablets  500Mg 156S
Vicks,5,Vicks Inhaler | Vicks Vaporub | Vicks Vaporub Family Value | Vicks Vaporub Super Saver Pack
Protinex,5,Protinex (Imported) Powder | Protinex Life Cho | Protinex Life Powder Tin | Protinex Milk Powder Original
Veet Hair,5,"Veet Hair Removal Cream Sensitive Skin | Veet Hair Removal Cream,Normal Skin | Veet Hair Removing Cream Normal Skin | Veet Hair Removing Cream Sensitive Skin"
Park Avenue,5,Park Avenue Beer Shampoo Shiny And Bouncy | Park Avenue Fragrance Body Spray Wake Up | Park Avenue Premium Body Spray Neo | Park Avenue Premium Body Spray Voyage
Maped,5,Maped Black `Peps Pencil 2B=0 | Maped Black `Peps Pencil Hb=2 | Maped Color Peps Break-Resistant Colour Pencils | Maped Hb Pencils And Sharpener
Lakspray Milk,5,Lakspray Milk Powder Box | Lakspray Milk Powder Non Fat | Lakspray Milk Powder Pouch | Lakspray Milk Powder Sachet
Aquafina Bottled,5,Aquafina Bottled Drink. Water | Aquafina Bottled Drinking Water | Aquafina Bottled Drinking Water Pet Bottle
Aik,5,Aik Cheong 3In1 Crml Macchiato | Aik Cheong Choco Hazelnut Drink | Aik Cheong Chocolate Mint Drink | Aik Cheong Chocolate Pistachio Drink
Aik Cheong,5,Aik Cheong 3In1 Crml Macchiato | Aik Cheong Choco Hazelnut Drink | Aik Cheong Chocolate Mint Drink | Aik Cheong Chocolate Pistachio Drink
Loli Tails,5,Loli Tails Ins/Dri/Pwrd Faluda | Loli Tails Ins/Dri/Pwrd Mix Fruit | Loli Tails Instant Drink Powder Lime | Loli Tails Instant Drink Powder Mango
100Plus,5,100Plus Active (A) Can | 100Plus Active Rep Drink-Pet | 100Plus Lemon & Lime Drink-Pet | 100Plus Zero Drink-Pet
Frutail,5,Frutail Apple Juice | Frutail Cocktail Juice | Frutail Cranberry Drink | Frutail Pineapple Juice
Tg,5,Tg Chilli Mango | Tg Real Potato Stick Black Pepper | Tg Real Potato Stick Hot & Spicy | Tg Real Potato Stick Salted
Rummo,5,Rummo Cannelloni | Rummo Fusilli | Rummo Linguine | Rummo Spaghetti
Premier,5,Premier Basmathi Rice | Premier Dates
Nutrinnovate,5,Nutrinnovate Muesli Berry | Nutrinnovate Muesli Green Apple | Nutrinnovate Quick Oats | Nutrinnovate Strawberry Oats 23Og
Samaayu Kolakenda,5,Samaayu Kolakenda Gotukola | Samaayu Kolakenda Hathawariya | Samaayu Kolakenda Karapincha | Samaayu Kolakenda Welpenela
Kernell'S,5,Kernell'S Corn Flour | Kernell'S Corn Rice
Kernell'S Corn,5,Kernell'S Corn Flour | Kernell'S Corn Rice
W.H.G,5,W.H.G Premium Samba Rice | W.H.G Red Raw Rice | W.H.G White Nadu Rice | W.H.G White Raw Rice
Lath,5,Lath Nadu Rice 1Kg (5U) | Lath Rice Keerisamba | Lath Samba 1Kg (5U) | Lath White Raw Rice 1Kg (5U)
Kriollo,5,Kriollo Milk Choco Malty Crun | Kriollo Pop Candy Tutti Frutti | Kriollo White Swe Bla Current | Kriollo White Sweets Malt Crun
Ferrero,5,Ferrero Nutella Biscuits | Ferrero Rocher Chocolate | Ferrero Rocher T3
Wrigley'S,5,Wrigley'S Doublemint Black Currant Flavour Gum | Wrigley'S Doublemint Menthol & Eucalyptus Flavour Gum | Wrigley'S Doublemint Pepermint | Wrigley'S Doublemint Peppermint Flavour Gum
Wrigley'S Doublemint,5,Wrigley'S Doublemint Black Currant Flavour Gum | Wrigley'S Doublemint Menthol & Eucalyptus Flavour Gum | Wrigley'S Doublemint Pepermint | Wrigley'S Doublemint Peppermint Flavour Gum
M&M,5,M&M Chocolate | M&M Chocolate Milk | M&M Chocolate Peanut | M&M Cookies With Chocolate Minis
Banga,5,Banga Atlantic Salmon In Canola Oil | Banga Atlantic Sardine In Oil | Banga Lightly Smoke Sardines In Canola Oil | Banga Smoked Mussels In Canola Oil
Campagna,5,Campagna Red Kidney Beans | Campagna Red Wine Vinegar | Campagna Sun Dried Tomatoes | Campagna Tomato Paste
Gindara Nai,5,Gindara Nai Miris Green Sauce | Gindara Nai Miris Red Sauce | Gindara Nai Miris Tamar. Sauce | Gindara Nai Miris Tamarind Hot Sauce
Beetrootz,5,Beetrootz Bee /Ketch Hot &Spicy M... | Beetrootz Beetroot Ketchup | Beetrootz Brot Ktchup Hot & Spcy Mng | Beetrootz Hot & Spicy Mango Ketchup
Sunny,5,Sunny Dual Active Det Powder | Sunny Dual Active Dete Powder | Sunny Mogra Det Powder | Sunny Side Brown Egg Large 10S
Nel Farm,5,Nel Farm Brown Egg Large 10S | Nel Farm Brown Egg Large 6S | Nel Farm Brown Eggs Extra Large 10S | Nel Farm Brown Eggs Large 10S
Thermos,5,Thermos Mondi Flask | Thermos Stainless Steel Flask
Angels,5,Angels Lunch Sheets 50 Pcs | Angels Wooden Dessert Spoons 50 Pcs | Angels Wooden Forks 50 Pcs | Angels Wooden Spoons 50 Pcs
Ibl,5,Ibl Food Wrapping Sheet 100 Pcs | Ibl Food Wrapping Sheet 50 Pcs | Ibl Paper Straw 12 Pcs | Ibl Wooden Spoon 12 Pcs
Sanmo,5,Sanmo Kitchen Sponge Double | Sanmo Kitchen Sponge Double S | Sanmo Kitchen Sponge Single | Sanmo Stainless Steel Scrubber
Food,5,Food Container 10A10 | Food Link Atta Flour | Food Link Basmati Rice | Food Link Broken Wheat
Pa.Avenue,5,Pa.Avenue Men B/Spray Neo | Pa.Avenue Men B/Spray Voyage | Pa.Avenue Shampoo Damage Free | Pa.Avenue Shampoo Shiny Bouncy
Shishu,5,Shishu Baby Bath & Bodywash | Shishu Gentle Baby Hand Wash | Shishu Moisturizing Baby Shampoo | Shishu Mosquito Repellant Band-Baby
Odo,5,Odo Plus Aqua Septic Tank And Gully Treatment | Odo Plus Odour N/Carmate 90 | Odo Plus Odour N/Travelmate 90 | Odo Plus Odour Neutralizer Multipurpose
Odo Plus,5,Odo Plus Aqua Septic Tank And Gully Treatment | Odo Plus Odour N/Carmate 90 | Odo Plus Odour N/Travelmate 90 | Odo Plus Odour Neutralizer Multipurpose
Close,5,Close Up Act Gel Ppmnt Splash | Close Up Red Hot Toothpaste Gel | Close Up T/Paste Gel Pepermint | Close Up T/Paste Gel Red Hot
Close Up,5,Close Up Act Gel Ppmnt Splash | Close Up Red Hot Toothpaste Gel | Close Up T/Paste Gel Pepermint | Close Up T/Paste Gel Red Hot
Arizona,5,Arizona A/F Spray Heavenly | Arizona A/F Spray Lavender | Arizona Maroon Car Fresner | Arizona Tifany Blue Car
Skin,5,Skin Talks Face Pack Charcoal | Skin Talks Face Wash Charcoal | Skin Talks Face Wash Fairness 125 | Skin Talks Foot Soak Peppermint
Skin Talks,5,Skin Talks Face Pack Charcoal | Skin Talks Face Wash Charcoal | Skin Talks Face Wash Fairness 125 | Skin Talks Foot Soak Peppermint
Dececco,5,Dececco Lasagna No 502 | Dececco Pasta Fusilli | Dececco Sugo Alla Arrabbiata | Dececco Sugo Alla Napoletana
Town,5,Town Bus Banana Chip | Town Bus Butter Murukku | Town Bus Garlic Mixture | Town Bus Khara Boondi
Town Bus,5,Town Bus Banana Chip | Town Bus Butter Murukku | Town Bus Garlic Mixture | Town Bus Khara Boondi
Tropical,5,Tropical Life Chili Crushed | Tropical Life Chili Powder | Tropical Life Organic Cloves | Tropical Nut Raw Cashew
SILVERMILL,5,SILVERMILL Coconut Sambol | SILVERMILL Kico King Coconut Water | SILVERMILL Pure Coconut Oil | SILVERMILL Real Coconut Milk
LIPTON,5,"LIPTON Ceylonta | LIPTON Ceylonta Tea Bags | LIPTON Green Tea, 20s | LIPTON Laojee"
RICHLIFE,5,RICHLIFE Milk Bottle Vanilla | RICHLIFE UHT Milk Chocolate | RICHLIFE UHT Milk Full Cream | RICHLIFE UHT Milk Vanilla
AHMAD TEA,5,AHMAD TEA 100's Tea bag English Breakfast | AHMAD TEA 25's Tea Bags Green Tea | AHMAD TEA Camomile & Lemongrass/ 20 Foil | AHMAD TEA Ceylon Tea (Premium Blend)
MAGGI Noodles,5,MAGGI Noodles 2-Minute Chicken | MAGGI Noodles 2-min Chilli Chicken | MAGGI Noodles 2-minn Chicken | MAGGI Noodles Papare Spicy Chicken
SETHUM,5,SETHUM Almond | SETHUM Basil Seeds (Kasa Kasa) | SETHUM Indian Butter Curd Chilies | SETHUM Red Rice Flakes
KVC,5,KVC Kithul Treacle & Syrup | KVC Sauce Tomato | KVC Sauce Tomato Ketchup | KVC Tomato Sauce Stand Up Pouch
ARUNALU,5,ARUNALU Dried Thalapath | ARUNALU Headless Sprats | ARUNALU Prawns | ARUNALU Shark
GOVI ARUNA,5,GOVI ARUNA Chilli Powder | GOVI ARUNA Katarolu Flour | GOVI ARUNA Unroasted Curry Powder | GOVI ARUNA Whole Kernel Sweet Corn Can
LINK,5,"LINK  Samahan Sachet, 30's | LINK Free Flow Salt | LINK Paspanguwa | LINK Sudantha"
FEMS,5,"FEMS Sanitary Napkins  Cotton Feel, 10’s | FEMS Sanitary Napkins Drytex, 16's | FEMS Superior Heavy Flow Sanitary Napkins, 16’s | FEMS Superior Napkins, 8s"
CHAMPION,5,CHAMPION Germ Fighting Soap Cool Mint Eco Pack | CHAMPION Germ Fighting Soap Herbal Eco Pack | CHAMPION Germ Fighting Soap Red Energy | CHAMPION Germ Fighting Soap Red Energy Eco Pack
CHAMPION Germ,5,CHAMPION Germ Fighting Soap Cool Mint Eco Pack | CHAMPION Germ Fighting Soap Herbal Eco Pack | CHAMPION Germ Fighting Soap Red Energy | CHAMPION Germ Fighting Soap Red Energy Eco Pack
EARTH,5,EARTH ESSENCE Herbal Aloe Shampoo | EARTH ESSENCE Herbal Face Wash | EARTH ESSENCE Herbal Hair Conditioner | EARTH ESSENCE Herbal Shampoo
LUVESENCE,5,LUVESENCE First Luv Eau Body Mist | LUVESENCE Forever Luv  Eau De Perfume | LUVESENCE Luv Struck Eau De Perfume | LUVESENCE Rose Exotique Hand Body Lotion
O'NELLE,5,O'NELLE Acne Control Face Wash | O'NELLE Acne Control Gel | O'NELLE Natiral Rose Oil Toner | O'NELLE Tamarind & Moringa Liquid Cleanser
HARPIC,5,"HARPIC Fresh Floral | HARPIC Power 10x | HARPIC Power, 10x"
BIO CLEAN,5,BIO CLEAN Toilet Bowl Cleaner | BIO CLEAN Toilet Bowl Cleaner Aqua | BIO CLEAN Toilet Bowl Cleaner Citrus | BIO CLEAN Toilet Bowl Cleaner Floral
MORTEIN,5,MORTEIN Aerosol CIK | MORTEIN Aerosol FIK | MORTEIN CIK Aerosol | MORTEIN Vap-Refill 60n
Garlic,4,Garlic | Garlic Bread | Garlic Premium
Honest,4,Honest Greens Frilly Iceberg | Honest Greens Green Oak Lettuce | Honest Greens Lettuce Mix | Honest Greens Super Greens Mix
Honest Greens,4,Honest Greens Frilly Iceberg | Honest Greens Green Oak Lettuce | Honest Greens Lettuce Mix | Honest Greens Super Greens Mix
Nangrow,4,Nangrow 3 Hm-0 Formula | Nangrow 3 Hm-O M/Formula 1- 3 Y | Nangrow 4 Hm-0 Formula
Lody,4,"Lody Baby Diaper Pant Junior, 11-25Kg | Lody Baby Diaper Pant Maxi, 7-18Kg | Lody Baby Diaper Pant Midi, 4-9Kg | Lody Baby Diaper Pant Xl, 16Kg+"
Lody Baby,4,"Lody Baby Diaper Pant Junior, 11-25Kg | Lody Baby Diaper Pant Maxi, 7-18Kg | Lody Baby Diaper Pant Midi, 4-9Kg | Lody Baby Diaper Pant Xl, 16Kg+"
Milkmaid,4,Milkmaid Con.Milk Promo Pack | Milkmaid Condensed Milk | Milkmaid Ice Coffee Mix | Milkmaid Swt Condensed Milk
Anlene,4,Anlene High Calcium Low Fat Milk Powder Packet | Anlene Milk Powder Bib | Anlene Nutritional Supplement
Enfamama,4,Enfamama A+ Chocolate | Enfamama A+ Milk Powder Chocolate Tin | Enfamama A+ Milk Powder Vanilla Tin | Enfamama A+ Vanilla
Enfamama A+,4,Enfamama A+ Chocolate | Enfamama A+ Milk Powder Chocolate Tin | Enfamama A+ Milk Powder Vanilla Tin | Enfamama A+ Vanilla
Astra,4,"Astra Baking | Astra Baking, Ambient | Astra Fat Spread | Astra Soft Fat Spread"
Nutrifix,4,Nutrifix Nutty Bar | Nutrifix Nutty Cereal Bar | Nutrifix Oats Bar | Nutrifix Oats Cereal Bar
Highway,4,Highway Peanut Butter Creamy | Highway Peanut Butter Crunchy
Highway Peanut,4,Highway Peanut Butter Creamy | Highway Peanut Butter Crunchy
Dad`S,4,Dad`S Garden Garlic Chilli Sauce | Dad`S Garden Lemon Mustard Sauce | Dad`S Garden Teriyaki Sauce | Dad`S Garden Thai Chilli Sauce
Dad`S Garden,4,Dad`S Garden Garlic Chilli Sauce | Dad`S Garden Lemon Mustard Sauce | Dad`S Garden Teriyaki Sauce | Dad`S Garden Thai Chilli Sauce
Supreme,4,Supreme Normal Head On Sprats | Supreme Ready To Cook Sprats | Supreme Sprats Ready To Cook
Tabasco,4,Tabasco Pepper Sauce | Tabasco Red Pepper Sauce | Tabasco Sauce Red
Bubble Compact,4,Bubble Compact Deter Powder | Bubble Compact Washing Powder | Bubble Compact Washing Powder With Aloe Vera
Ninja,4,Ninja Mosquito Coils 10 Hours | Ninja Re- Fill Vaporizer 30 Nights | Ninja Re- Fill Vaporizer 45 Nights | Ninja Strike Cockroach Spray
Washy,4,Washy Dish Washer Detergent Sheet | Washy Dishwashing Sheets | Washy Laundry Detergent Strips
Parampara,4,Parampara Cup Sambrani | Parampara Incense Sticks | Parampara Incense Sticks 16 Sticks | Parampara Long Incense Sticks
Rusiru,4,Rusiru Scrubber Sponge | Rusiru Sponge
Energizer,4,Energizer Max Aa2 Alkaline Battery | Energizer Max Aa4 Alkaline Battery | Energizer Max Aaa2 Alkaline Battery | Energizer Max Aaa4 Alkaline Battery
Energizer Max,4,Energizer Max Aa2 Alkaline Battery | Energizer Max Aa4 Alkaline Battery | Energizer Max Aaa2 Alkaline Battery | Energizer Max Aaa4 Alkaline Battery
Guardian,4,Guardian Aluminium Foil | Guardian Aluminium Foil Roll 30Cm | Guardian Aluminium Foil Roll 45Cm | Guardian Flexee Cling Wrap 30Cm
Shock,4,Shock Black Shoe Polish | Shock Shoe Polish Liquid Black | Shock Shoe Polish Paste Black | Shock Shoe Polish Sneaker White
Cif,4,Cif Limescale Remover | Cif Perfect Finish Mould Stain Removal Spray | Cif Power And Shine Bathroom Cleaner Spray | Cif Stainless Steel Cleaner
Beaufor,4,Beaufor Dijon Mustard | Beaufor Hot English Mustard
Seven Star,4,Seven Star All Purpose Wheat Flour | Seven Star Cake Flour | Seven Star Chakki Atta Flour
Pa,4,Pa Chapathi | Pa Garlic Butter Naan | Pa Spring Onion Paratha | Pa Whole Wheat Paratha
Alpex,4,Alpex Crusta Calamari Cutlets | Alpex Crusta Crispy Isso Vade | Alpex Crusta Seafood Dumplings | Alpex Crusta Shrimp Spring Roll
Alpex Crusta,4,Alpex Crusta Calamari Cutlets | Alpex Crusta Crispy Isso Vade | Alpex Crusta Seafood Dumplings | Alpex Crusta Shrimp Spring Roll
Besto,4,Besto Pre Cut Whole Chicken(12Pcs) | Besto Pre- Cut Skinless Whole Chicken | Besto Pre- Cut Whole Chicken | Besto Skinless Pre Cut Whole Chicken(12Pcs)
Thalapath,4,Thalapath (Koppara) | Thalapath (Small) | Thalapath Slices
Mister,4,"Mister Potato Crisp H/Spicy Can | Mister Potato Crisp Orignl. Can | Mister Potato Crisp, Hot And Spicy | Mister Potato Crisp, Original"
Mister Potato,4,"Mister Potato Crisp H/Spicy Can | Mister Potato Crisp Orignl. Can | Mister Potato Crisp, Hot And Spicy | Mister Potato Crisp, Original"
Lotus,4,Lotus Biscoff Biscuit | Lotus Biscoff Biscuits | Lotus Biscoff Cream Biscuits | Lotus Biscoff Crunchy Spread
Lotus Biscoff,4,Lotus Biscoff Biscuit | Lotus Biscoff Biscuits | Lotus Biscoff Cream Biscuits | Lotus Biscoff Crunchy Spread
Asiri,4,Asiri Cocktail Mixture | Asiri Devilled Gram | Asiri Devilled Peanut
Loacker,4,Loacker Classic Creamkaka | Loacker Classic Napolitaner Wafer Biscuits | Loacker Classic Vanilla Wafer Biscuits | Loacker Tortina Original
Sewmini,4,Sewmini Prem. Keeri Samba Rice 1Kg (5U) | Sewmini Premium Nadu | Sewmini Premium Nadu Rice 1Kg (5U) | Sewmini Premium Samba Rice 1Kg (5U)
Keeri,4,Keeri Ponni Rice | Keeri Samba Kekulu Bulk | Keeri Samba Rice
Daawat Super,4,Daawat Super Basmati Rice
Whg,4,Whg Keeri Samba Rice 1Kg (5U) | Whg Premium Samba Rice | Whg Premium Samba Rice 1Kg (5U) | Whg White Nadu Rice
Raala Kithul,4,Raala Kithul Jaggery Cubes | Raala Kithul Jaggery Slab | Raala Kithul Treacle
Denta Comfort,4,Denta Comfort Soft Toothbrushes | Denta Comfort Toothbrush - Medium | Denta Comfort Toothbrush - Soft | Denta Comfort Toothbrushes
Rani Shower,4,"Rani Shower Cream Sandalwood | Rani Shower Cream, Milk , Honey And Turmeric | Rani Shower Cream, Sandalwood Original | Rani Shower Gel, Sandalwood And Rose"
Acnes,4,Acnes Creamy Wash | Acnes Scar Care Gel | Acnes Sealing Gel | Acnes Vitamin Cleanser
Goya Cologne,4,Goya Cologne Jasmine | Goya Cologne Rose | Goya Cologne Spray Carnation
Safe,4,"Safe Guard Disposable Masks Coloured | Safe Guard Kn95 | Safe Guard Soap,Aloe Fresh | Safe Guard Soap,Mint Breeze"
Safe Guard,4,"Safe Guard Disposable Masks Coloured | Safe Guard Kn95 | Safe Guard Soap,Aloe Fresh | Safe Guard Soap,Mint Breeze"
Dandex,4,Dandex Cooling Itch Control Shampoo | Dandex Shampoo Cooling & Relief | Dandex Shampoo Hair Fall Control | Dandex Shampoo Hairfall Contrl
Ensure,4,Ensure Gold Almond Flavour | Ensure Milk Powder Vanilla | Ensure Milk Powder Vanilla Tin | Ensure Vanilla Multi Pack 400 G
Colgate Toothpaste,4,Colgate Toothpaste Gel C/M Blue | Colgate Toothpaste Gelc/M Blue | Colgate Toothpaste Peppermint Ice | Colgate Toothpaste Spicy Fresh
Parachute,4,Parachute Coconut Hair Oil | Parachute Hair Oil Coconut Oil | Parachute Hair Oil Jasmine | Parachute Jasmin Hair Oil
Pediasure,4,Pediasure Gold Classic Vanilla Flavour | Pediasure Milk Powder Vanilla | Pediasure Vanilla Flavour | Pediasure Vanilla Multi Pack 400 G
Revlon Colorsilk,4,Revlon Colorsilk 3D Dark Brown Hair Colour | Revlon Colorsilk 3D Hair Color -Black | Revlon Colorsilk 3D Hair Color -Brown Black | Revlon Colorsilk 3D Hair Color -Soft Black
Action,4,Action Milk Powder Chocolate | Action Milk Powder Vanilla | Action Nutritional Powder | Action Nutritional Powder Chocolate
Cetaphil,4,Cetaphil Cleansing Lotion | Cetaphil Gentle Skin Cleanser | Cetaphil Oily Skin Cleanser | Cetaphil Sun Spf 50+ Light Gel
Signature,4,Signature Aftershave | Signature Cologne Spray
Romantra,4,Romantra Perfume Cologne Spray Amberly | Romantra Perfume Cologne Spray Black Rose | Romantra Perfume Cologne Spray Jasmine | Romantra Perfume Cologne Spray L`Amour
Romantra Perfume,4,Romantra Perfume Cologne Spray Amberly | Romantra Perfume Cologne Spray Black Rose | Romantra Perfume Cologne Spray Jasmine | Romantra Perfume Cologne Spray L`Amour
Fair Squared,4,Fair Squared Period Cup Large | Fair Squared Period Cup Medium | Fair Squared Period Cup Small | Fair Squared Period Cup Xl
Denver Deodorant,4,Denver Deodorant Body Spray  Hamilton | Denver Deodorant Body Spray  Honour | Denver Deodorant Body Spray  Imperial | Denver Deodorant Body Spray  Pride
Denver Sporting,4,Denver Sporting Club Deodorant Body Spray Victor | Denver Sporting Club Deodorant Body Spray  Caliber | Denver Sporting Club Deodorant Body Spray  Champ | Denver Sporting Club Deodorant Body Spray  Gold
Innovate,4,Innovate B5 Book Single 120 Pages | Innovate B5 Book Single 80 Pages | Innovate Cr Book Single 120 Pages | Innovate Cr Book Single 80 Pages
Riso,4,Riso Scotti Oraganic Oat Soul  | Riso Scotti Org.Almond Milk Unswd | Riso Scotti Organic Soya Barista | Riso Scotti Orgnc Almond Soul Drink
Riso Scotti,4,Riso Scotti Oraganic Oat Soul  | Riso Scotti Org.Almond Milk Unswd | Riso Scotti Organic Soya Barista | Riso Scotti Orgnc Almond Soul Drink
Abbott,4,Abbott Ensure Milk Powder Vanila | Abbott Ensure Milk Pwd Vanila | Abbott Ensure Vanila | Abbott Glucerna Milk Powder
Stassen Organic,4,Stassen Organic Black Tea Bopf Bags(2Gx25) | Stassen Organic Green Tea Bop1 (250G) | Stassen Organic Pure Ceylon Black Tea | Stassen Organic Pure Green Tea Bags(2Gx25)
T-,4,T- Sips Chai Masala 20S | T- Sips Cinnamon Tea 20S | T- Sips Premium Bopf Tea | T- Sips Strawberry Tea 20S
T- Sips,4,T- Sips Chai Masala 20S | T- Sips Cinnamon Tea 20S | T- Sips Premium Bopf Tea | T- Sips Strawberry Tea 20S
Sprite Pet,4,Sprite Pet
Coca-Cola,4,Coca-Cola Pet | Coca-Cola Zero Pet
7Up,4,7Up 400 | 7Up Can | 7Up Pet
Aquafresh,4,Aquafresh Bottled Drinking Water | Aquafresh Drin. Water Classic | Aquafresh Glass Water Bottle
Barbican,4,Barbican Apple Drink | Barbican Non Alchoholic Beer Pineapple | Barbican Non Alcoholic Apple Beer | Barbican Non Alcoholic Beer Pomegranate
Galaxy,4,Galaxy Car Paper Air Freshner 7G Spain | Galaxy Drinking Chocolate | Galaxy Light Instant Hot Chococolate | Galaxy Vegan Silky & Smooth Drink
Ovaltine,4,Ovaltine Chocolate Malt Cookie | Ovaltine Chocolate Malt Drink Jar | Ovaltine Malted Milk Drink Jar | Ovaltine Soft Pack Chocolate
Spinner,4,Spinner Caffeinated Drink | Spinner Guarana Vitamins | Spinner Multi Vitamins | Spinner Sugar Free
Turbo,4,Turbo 1 Windscreen Cleaner | Turbo Nitro Classic | Turbo Nitro Ice Spice | Turbo Nitro Premium
Marigold,4,Marigold 100% Apple Juice | Marigold 100% Orange Juice | Marigold Less Sugar Apple Drink | Marigold Less Sugar Lychee Drink
Nootz,4,Nootz C/Nut Pineapple Smoothie | Nootz Coconut Mango Smoothie | Nootz Coconut Papaya Smoothie | Nootz Coconut Passion Smoothie
Kico,4,Kico Guava | Kico King Coconut Water Tetra | Kico King Cocount Water | Kico Pineapple
Teaser,4,Teaser Mandarin Sparkling Mocktail | Teaser Mi/Berrie With Bl/Tea Mocktail... | Teaser Mixed Berry | Teaser Soursop Sparkling Mocktail
Ribena,4,Ribena Blackcurrant & Strawberry Drink | Ribena Blackcurrant Fruit Drink | Ribena Lightly Sparkling Blackcurrant Fruit Drink | Ribena Pastilles Blackcurrant
Tea,4,Tea 4U Black Tea Lychee & S/Berry... | Tea 4U Black Tea Man & Bl/Current... | Tea 4U Black Tea Pomag & B/Berry ... | Tea Bun 2S
Chocolate,4,Chocolate Coated Almonds Dates | Chocolate Doughnut | Chocolate Kimbula Bun | Chocolate Muffin
Breadtalk,4,Breadtalk Caramel Musse | Breadtalk Coffee Iavazza | Breadtalk Cream Caramel | Breadtalk Mango Musse
Grapes,4,Grapes - Black | Grapes - Green | Grapes - Red
Grapes -,4,Grapes - Black | Grapes - Green | Grapes - Red
Keells/Kr.,4,Keells/Kr. | Keells/Kr. Chi. Bockwu.Sausage | Keells/Kr. Chicken Ham Slices | Keells/Kr. Chicken Roll Slices
Tuktuk,4,Tuktuk Butter Garlic Popcorn | Tuktuk Mexican Cheese Popcorn | Tuktuk Onion Cream Mix Popcorn | Tuktuk Tomato Popcorn
Iyes,4,Iyes Cashews Black Pepper | Iyes Cashews Cheese | Iyes Cashews Chili | Iyes Cashews Garlic
Iyes Cashews,4,Iyes Cashews Black Pepper | Iyes Cashews Cheese | Iyes Cashews Chili | Iyes Cashews Garlic
Tuk,4,Tuk Tuk Butter Garlic Popcorn | Tuk Tuk Mexican Cheese Popcorn | Tuk Tuk Movie Night Diy Pcrn Kt | Tuk Tuk Onion Cream Popcorn
Tuk Tuk,4,Tuk Tuk Butter Garlic Popcorn | Tuk Tuk Mexican Cheese Popcorn | Tuk Tuk Movie Night Diy Pcrn Kt | Tuk Tuk Onion Cream Popcorn
Maxicorn,4,Maxicorn Bbq Corn Chips | Maxicorn Corn Chips Bbq | Maxicorn Corn Chips Roasted | Maxicorn Roasted Corn Corn Chips
Eatalia,4,Eatalia Conchiglie Medie 83 | Eatalia Elbow | Eatalia Fusilli | Eatalia Penne Rigate 55
Barilla,4,Barilla Lasagne | Barilla Pasta Penne Rigate | Barilla Pesto Genovese | Barilla Spaghetti
Valle,4,Valle Del Sole Farfalle Pasta | Valle Del Sole Fusilli Pasta | Valle Del Sole Penne Rigate | Valle Del Sole Spaghetti Pasta
Valle Del,4,Valle Del Sole Farfalle Pasta | Valle Del Sole Fusilli Pasta | Valle Del Sole Penne Rigate | Valle Del Sole Spaghetti Pasta
Balducci,4,Balducci Fettucine No.12 | Balducci Macaroni No.32 | Balducci Spaghetti No. | Balducci Spiral No.55
Meron,4,Meron Agar Agar Strip | Meron Agar Agar Veg Gelatin Raw | Meron Vegetarian Gelatin | Meron Vegetarian Jelly Powder
Capilano,4,Capilano Manuka Active Honey Mgo 30+ | Capilano Manuka Honey Mgo 100+ | Capilano Manuka Honey Mgo 30+ | Capilano Pure Honey
Delishjelly,4,Delishjelly Apple | Delishjelly Black Current | Delishjelly Orange | Delishjelly Strawberry
Premier Dates,4,Premier Dates
Himara,4,Himara Ice Cream Corn 125S | Himara Ice Cream Corn 18S | Himara Large Cone Box
Helagraa,4,Helagraa Doctor Gluco Porridge | Helagraa Fresh Start Porridge | Helagraa Healthy Life Porridge | Helagraa Power Gain Porridge
Banno Basmati,4,Banno Basmati Biriyani Rice | Banno Basmati Extra Long Rice
Kapuwatta,4,Kapuwatta Keeri Broken Rice 1Kg (5U) | Kapuwatta Keeri Samba | Kapuwatta Keeri Samba Rice 1Kg (5U) | Kapuwatta Supiri Samba Rice 1Kg (5U)
Tilda,4,Tilda Original Pure Basmathi | Tilda Pure Basmati | Tilda Rice Grand Basmati | Tilda Wonderfull Basmathi Rice
Ferrero Rocher,4,Ferrero Rocher Chocolate | Ferrero Rocher T3
Eclipse,4,Eclipse Chewy Mints Lemon Fla. | Eclipse Chewy Mints Peppermint | Eclipse Chewy Mints Spearmint | Eclipse Green Grape
Candy,4,Candy Man Jelly Drops Strawberry | Candy Man Lollipop Blackcurrent | Candy Man Lollipop Orange | Candy Man Lollipop Strawberry
Candy Man,4,Candy Man Jelly Drops Strawberry | Candy Man Lollipop Blackcurrent | Candy Man Lollipop Orange | Candy Man Lollipop Strawberry
M&M Chocolate,4,M&M Chocolate | M&M Chocolate Milk | M&M Chocolate Peanut
Dehy-V,4,Dehy-V Garlic Flakes | Dehy-V Garlic Mini-Flakes | Dehy-V Garlic Powder | Dehy-V Onion Powder
Cbl,4,Cbl Ramba Tetos Bbq | Cbl Ramba Tetos Cheese | Cbl Ramba Tetos Tomato | Cbl Sera Real Coconut Milk
Ritz,4,Ritz Original Crackers | Ritz Sandwich Crackers Cheese | Ritz Sandwich Crackers Chocolate
Grand,4,Grand Asia Button Mushroom | Grand Asia Button Mushrooms | Grand Asia Rice Vermecelli
Grand Asia,4,Grand Asia Button Mushroom | Grand Asia Button Mushrooms | Grand Asia Rice Vermecelli
Simply,4,Simply Peri Peri Sauce M Spicy | Simply Peri Peri Sauce Medium | Simply Salsa Dip Hot | Simply Salsa Dip Sweet Corn & Pepper
Janrich,4,Janrich Green Kochchi Sauce | Janrich P-Apple Kochchi Sauce | Janrich Red Kochchi Sauce | Janrich Tomato Kochchi Sauce
Colavita,4,Colavita Extra Virgin Olive Oil | Colavita Olive Oil
Gw,4,Gw Fresh Quail Eggs | Gw Pickled Quail Eggs Bottle | Gw Quail Eggs Bottle Pickled 25S
Ten,4,Ten Plus Ball Pen Blue 3Pcs | Ten Plus Ball Pen-Blue/Black/Red | Ten Qt Ball Pen Blue 3Pcs | Ten Qt Ball Pen-Blue/Black/Red
Sanmo Kitchen,4,Sanmo Kitchen Sponge Double | Sanmo Kitchen Sponge Double S | Sanmo Kitchen Sponge Single | Sanmo Kitchen Sponge Single S
Glowy,4,Glowy Lip Balm Berry | Glowy Lip Balm Chocolate | Glowy Lip Balm Peach | Glowy Lip Balm Vanilla
Glowy Lip,4,Glowy Lip Balm Berry | Glowy Lip Balm Chocolate | Glowy Lip Balm Peach | Glowy Lip Balm Vanilla
N.,4,N. Secret F/Wash Green/T& Aloe | N. Secret F/Wash Vitamin C Lico | N. Secret Men F/Wash Mnt& Aloe 80 | N. Secret Vitamin C Serum 30
N. Secret,4,N. Secret F/Wash Green/T& Aloe | N. Secret F/Wash Vitamin C Lico | N. Secret Men F/Wash Mnt& Aloe 80 | N. Secret Vitamin C Serum 30
C&C,4,C&C F/Wash Mornin Energy Berry | C&C F/Wash Mornin Energy Lemon | C&C F/Wash Morning Energy Aqua | C&C Face Wash
Divon,4,Divon Cool Blue Mens Soap | Divon Royal White Mens Soap | Divon Soap Prmo Pack 100G*2 | Divon Soap Single Pack
Ivy,4,Ivy Anti Dandruff Soap | Ivy Ayurvedic Neem Herbal Soap | Ivy Prevent Pimples & D/S Soap 80 | Ivy Venivel & Turmeric Soap
Frella,4,Frella Natural Amla Pro Hair And Body Oil | Frella Neutral Conditioner Cinnamon | Frella Neutral Shampoo Cinnamon | Frella Neutral Shampoo Cinnamon & Cederwood
Antibo,4,Antibo Bath Loofah Oval | Antibo Bath Loofah Round | Antibo Bath Loofah Stripe | Antibo Bath Loofah With Handle
Antibo Bath,4,Antibo Bath Loofah Oval | Antibo Bath Loofah Round | Antibo Bath Loofah Stripe | Antibo Bath Loofah With Handle
N.Secrets B/Lotion,4,N.Secrets B/Lotion Aloe Vera | N.Secrets B/Lotion Carrot | N.Secrets B/Lotion Papaya
Pet,4,Pet A Lot Chicken Ccnut Biscuit | Pet A Lot Papaya Banana Biscuit | Pet A Lot Pumpkim Carrot | Pet Dog Herbal Shampoo -
Cp,4,Cp Adult Dog Food Chicken | Cp Dog Food Chicken | Cp Puppy Food Milk Flavour
Confetti,4,Confetti London Body Spray Dear | Confetti London Body Spray Joy | Confetti London Body Spray Live | Confetti London Body Spray Wish
Confetti London,4,Confetti London Body Spray Dear | Confetti London Body Spray Joy | Confetti London Body Spray Live | Confetti London Body Spray Wish
Romntra,4,Romntra Amber P/Cologne Spray | Romntra B/Rose P/Cologne Spray | Romntra Jsmine P/Cologne Spray | Romntra L'Am P/Cologne Spray
Menthosil,4,Menthosil Caugh Lozenges Lemon 24'S | Menthosil Caugh Lozenges Mint 24'S | Menthosil Caugh Lozenges Orenge 24'S | Menthosil Nasal Inhaler
Food Link,4,Food Link Atta Flour | Food Link Basmati Rice | Food Link Broken Wheat | Food Link Life Dates
Jagro,4,Jagro Jam Strawberry | Jagro Strawberry Jam | Jagro Strawberry Topping
Kome,4,Kome Bite Cheese And Chilli | Kome Bite Flaming Bbq | Kome Bite Hot Chilli | Kome Bite Savory Onion
Kome Bite,4,Kome Bite Cheese And Chilli | Kome Bite Flaming Bbq | Kome Bite Hot Chilli | Kome Bite Savory Onion
Makino,4,Makino Nacho Chips Cheese | Makino Nacho Chips Jalapeno | Makino Nacho Chips Salted With Salsa Dip | Makino Nacho Chips Tmto Salsa
Makino Nacho,4,Makino Nacho Chips Cheese | Makino Nacho Chips Jalapeno | Makino Nacho Chips Salted With Salsa Dip | Makino Nacho Chips Tmto Salsa
Peke,4,Peke Potato Chips Bbq | Peke Potato Chips Original | Peke Potato Chips Paprika | Peke Potato Chips Salt & Vinegar
Peke Potato,4,Peke Potato Chips Bbq | Peke Potato Chips Original | Peke Potato Chips Paprika | Peke Potato Chips Salt & Vinegar
Premero,4,Premero Gingelly Rolls 170G 12S | Premero Gingelly Rolls 340G 24S | Premero Kisses Vanilla 45G 15S | Premero Savoury Murukku
Govi,4,Govi Aruna Chilli Powder | Govi Aruna Coconut Oil | Govi Aruna Tumeric Powder | Govi Aruna Turmeric Powder
Govi Aruna,4,Govi Aruna Chilli Powder | Govi Aruna Coconut Oil | Govi Aruna Tumeric Powder | Govi Aruna Turmeric Powder
Cavin'S,4,Cavin'S Milkshake Belgian Choc Tet | Cavin'S Milkshake Coffee Tetra | Cavin'S Milkshake Strawberry Tetra | Cavin'S Milkshake Vanilla Tetra
Cavin'S Milkshake,4,Cavin'S Milkshake Belgian Choc Tet | Cavin'S Milkshake Coffee Tetra | Cavin'S Milkshake Strawberry Tetra | Cavin'S Milkshake Vanilla Tetra
Monin,4,Monin Caramel Syrup Glass Bottle | Monin Hazelnut Syrup Glass Bottle | Monin Mojito Mint Syrup Glass Bottle | Monin Strawberry Syrup Glass Bottle
ANCHOR,4,"ANCHOR Full Cream Milk Powder | ANCHOR Newdale Flavoured Milk Pouch Chocolate | ANCHOR Shape Up, Non Fat Milk Powder | ANCHOR Wmp Smart"
AMBEWELA,4,AMBEWELA Milk Chocolate | AMBEWELA Milk Non Fat | AMBEWELA Milk Plain
AMBEWELA Milk,4,AMBEWELA Milk Chocolate | AMBEWELA Milk Non Fat | AMBEWELA Milk Plain
RATTHI,4,RATTHI Full Cream Milk Powder BIB | RATTHI Full Cream Milk Powder Smart | RATTHI Wmp Smart
BOGAWANTALAWA,4,BOGAWANTALAWA Tea Bags | BOGAWANTALAWA Tea Bags Tag | BOGAWANTALAWA Tea Kahata Pouch
BOGAWANTALAWA Tea,4,BOGAWANTALAWA Tea Bags | BOGAWANTALAWA Tea Bags Tag | BOGAWANTALAWA Tea Kahata Pouch
COCA,4,COCA COLA | COCA COLA PET
COCA COLA,4,COCA COLA | COCA COLA PET
RICHLIFE UHT,4,RICHLIFE UHT Milk Chocolate | RICHLIFE UHT Milk Full Cream | RICHLIFE UHT Milk Vanilla
SPRITE,4,SPRITE | SPRITE Pet
SOUL,4,SOUL Coffee Indulgence Dark Roast | SOUL Coffee Intense Espresso Italian Roast | SOUL Coffee Smooth Ceylon Medium Roast
SOUL Coffee,4,SOUL Coffee Indulgence Dark Roast | SOUL Coffee Intense Espresso Italian Roast | SOUL Coffee Smooth Ceylon Medium Roast
Vintage,4,Vintage Organic Green Tea | Vintage Teas Ginger Lemon Grass | Vintage Teas Green Tea Lemon | Vintage Teas Spicy Chai
HAPPY,4,"HAPPY COW Alpine Slices 8s | HAPPY HEN Eggs Large, 10s | HAPPY HEN Eggs Medium, 10s | HAPPY HEN Ex-Large 10'S"
RENUKA,4,RENUKA Coconut Milk Powder | RENUKA Coconut Milk Tetra
RENUKA Coconut,4,RENUKA Coconut Milk Powder | RENUKA Coconut Milk Tetra
SUPREME,4,SUPREME Sprats Headless | SUPREME Sprats Ready To Cook | SUPREME Sprats Ready to Cook
SUPREME Sprats,4,SUPREME Sprats Headless | SUPREME Sprats Ready To Cook | SUPREME Sprats Ready to Cook
KELLOGGS,4,KELLOGGS Corn Flakes Pouch | KELLOGGS Corn Flakes Real Honey | KELLOGGS Extra Muesli Fruit & Nut | KELLOGGS Froot Loops
BARAKA,4,"BARAKA Diabsol Adv Caps, 30's | BARAKA Joint Ease Oil | BARAKA Jointsafe 30 Capsules | BARAKA Virgin Coconut Oil"
SAMAAYU,4,SAMAAYU Kolakenda Gotukola | SAMAAYU Kolakenda Karapincha | SAMAAYU Kolakenda Mix | SAMAAYU Kolakenda Welpenela
SAMAAYU Kolakenda,4,SAMAAYU Kolakenda Gotukola | SAMAAYU Kolakenda Karapincha | SAMAAYU Kolakenda Mix | SAMAAYU Kolakenda Welpenela
GRAVITY,4,GRAVITY 100% White Kernel Extra Virgin Coconut | GRAVITY Extra Virgin Coconut Oil | GRAVITY Pure Coconut Oil | GRAVITY Whole kernel Virgin Coconut O...
True,4,True Choice Button Mushroom | True Choice Cream Corn | True Choice Kernel Corn
True Choice,4,True Choice Button Mushroom | True Choice Cream Corn | True Choice Kernel Corn
GINDARA,4,GINDARA Marinade Sauce Garlic and Herbs | GINDARA Nai Miris Hot Sauce Garlic | GINDARA Nai Miris Hot Sauce Green | GINDARA Nai Miris Hot Sauce Red
Sae,4,Sae Dried Fish Mora | Sae Dried Fish Thalapath | Sae Dried Keeramin | Sae Dried Koonissa
Sae Dried,4,Sae Dried Fish Mora | Sae Dried Fish Thalapath | Sae Dried Keeramin | Sae Dried Koonissa
Tropical Life,4,Tropical Life Chili Crushed | Tropical Life Chili Powder | Tropical Life Organic Cloves | Tropical Life Organic Whole Spice Pack
RANI Shower,4,RANI Shower CRM Original Sandalwood | RANI Shower Crm White Sandalwood | RANI Shower Gel Rose Water & Safron
VASELINE,4,VASELINE Deep Restore | VASELINE Gluta Hya Dewy Radiance | VASELINE Gluta Hya Flawless Bright | VASELINE Kiss Of Petals
SIDDHALEPA,4,SIDDHALEPA Asamodagam Spirit | SIDDHALEPA Balm | SIDDHALEPA Supirivicky ToothPaste
DREAMRON,4,DREAMRON Black Henna Five Minute | DREAMRON Black Henna Nat/Black Can | DREAMRON Deo Roll On Aqua | DREAMRON Silicone Treatment Tonic
EARTH ESSENCE,4,EARTH ESSENCE Herbal Aloe Shampoo | EARTH ESSENCE Herbal Face Wash | EARTH ESSENCE Herbal Hair Conditioner | EARTH ESSENCE Herbal Shampoo
PONDS,4,PONDS Bright Beauty Daily Brightening Facewash | PONDS Hydra Miracle Super Light Gel
MIRACLE,4,MIRACLE Gloss Seram | MIRACLE Shampoo Anti Dandruff | MIRACLE Shampoo Hydro boost | MIRACLE Shampoo Intense Moisture
ECO,4,"ECO LIFE Hand Sanitizer Cool Fresh | ECO SACK Extra Large Black Garbage Bags, 30*36 | ECO SACK Medium black Garbage Bags, 24*36, LDPE | ECO SACK XXL Yellow 32*36 LDLP"
VIM Dishwash,4,"VIM Dishwash Bar Multipack, 100g*3 | VIM Dishwash Liquid (PET) | VIM Dishwash Powder | VIM Dishwash bar"
SOFTOUCH 2x,4,SOFTOUCH 2x French Perfume | SOFTOUCH 2x Royal Perfume
NINJA,4,"NINJA Liquid Vaporizer Refill, 60days | NINJA Lqd Vaporizer Refill, 45days | NINJA Mosquito Coils, 10s | NINJA Protector Spray"
SANRAY,4,"SANRAY Garbage Bags, Extra  Extra Large, 10's | SANRAY Garbage Bags, Extra Large, 10's | SANRAY Garbage Bags, Large, 10's | SANRAY Garbage Bags, Medium, 10's"
SANRAY Garbage,4,"SANRAY Garbage Bags, Extra  Extra Large, 10's | SANRAY Garbage Bags, Extra Large, 10's | SANRAY Garbage Bags, Large, 10's | SANRAY Garbage Bags, Medium, 10's"
ATLAS,4,"ATLAS Colour Pen Wallets, 12 Colour | ATLAS Colour Pencil, 24 Colour | ATLAS Glue Bottle | ATLAS Pen Chooty Blue, 3's"
Capsicum,3,Capsicum
Bitter,3,Bitter Gourd
Bitter Gourd,3,Bitter Gourd
Ash,3,Ash Plantain | Ash Plantains
Long,3,Long Beans | Long Raddish
Cabbage Leaves,3,Cabbage Leaves
Chinese,3,Chinese Cabbage | Chinese Fuji Apple | Chinese Yellow Pears
Avocado,3,Avocado
Cerelac,3,Cerelac Mixed Fruit With Milk | Cerelac Rice And Chicken | Cerelac Rice And Milk
Lactogen,3,Lactogen Activgro 2 Milk 6 To 12 Months | Lactogen Classic 1 | Lactogen Classic 2
Nan 1,3,Nan 1 Hm-0 Starter Formula | Nan 1 Hm-O Infant Formula 0-6M | Nan 1 Hm-O Starter Infant Formula 0-6 Months
Enfamil,3,Enfamil A+ Follow-Up Formula | Enfamil A+ Starter Infant Formula | Enfamil A+2
Puredale,3,Puredale Full Cream Milk Powder Pouch | Puredale Kirithe | Puredale Milk Blend
Nespray,3,Nespray Everyday Milk Powder Pouch | Nespray Milk Powder Everyday | Nespray Milk Powder Everyday Pouch
Frutty,3,Frutty Fro Greek Yoghurt | Frutty Fro Mixed Berry Flavoured Greek Yoghurt | Frutty Fro Vanilla Flavoured Greek Yoghurt
Frutty Fro,3,Frutty Fro Greek Yoghurt | Frutty Fro Mixed Berry Flavoured Greek Yoghurt | Frutty Fro Vanilla Flavoured Greek Yoghurt
Lurpak,3,Lurpak Butter Salted | Lurpak Butter Unsalted
Lurpak Butter,3,Lurpak Butter Salted | Lurpak Butter Unsalted
Kinley Soda,3,Kinley Soda | Kinley Soda Pet | Kinley Soda Pet Bottle
Knuckles,3,"Knuckles Drinking Water | Knuckles Natural Spring Water, Glass Bottle"
Pfanner,3,Pfanner Green Apple Drink | Pfanner Green Apple Juice | Pfanner Juice Green Apple
Olu Tropical,3,Olu Tropical Sparkling Wate | Olu Tropical Sparkling Water
May Sparkling,3,May Sparkling Fruit Juice White Grape | May Sparkling Red Grape | May Sparkling White Grape
Chick,3,Chick Peas | Chick Peas Bulk
Chick Peas,3,Chick Peas | Chick Peas Bulk
Kernell`S,3,Kernell`S Corn Flour | Kernell`S Corn Rice
Kernell`S Corn,3,Kernell`S Corn Flour | Kernell`S Corn Rice
K Mate,3,K Mate Baking Paper | K Mate Disposable Gloves | K Mate Non Wowen Kitchen Towel
Splash Moist,3,Splash Moist Towel Glamourous | Splash Moist Towel Mens | Splash Moist Towel Natural Forest
Gliz,3,Gliz Dish Wash Bar | Gliz Liquid Dish Wash | Gliz Liquid Dish Wash Lemon
Britol,3,Britol Car Wash | Britol Disinfectant Pine | Britol Mopping Cloth
Mortein,3,Mortein Fast Killer | Mortein Flying Insect Killer | Mortein Refil 60 Nights
Guardian Aluminium,3,Guardian Aluminium Foil | Guardian Aluminium Foil Roll 30Cm | Guardian Aluminium Foil Roll 45Cm
Comfoods,3,"Comfoods Ziplock Storage Bags,(10 Inx12 In) | Comfoods Ziplock Storage Bags,(7 Inx10 In) | Comfoods Ziplock Storage Bags,(8 Inx9 In)"
Comfoods Ziplock,3,"Comfoods Ziplock Storage Bags,(10 Inx12 In) | Comfoods Ziplock Storage Bags,(7 Inx10 In) | Comfoods Ziplock Storage Bags,(8 Inx9 In)"
Store,3,Store Easy Ziplock Bags Large | Store Easy Ziplock Bags Medium | Store Easy Ziplock Bags Small
Store Easy,3,Store Easy Ziplock Bags Large | Store Easy Ziplock Bags Medium | Store Easy Ziplock Bags Small
N-Joy,3,N-Joy Cocnut Oil | N-Joy Pure Coconut Oil
Colo,3,Colo Coconut Milk Powder
Colo Coconut,3,Colo Coconut Milk Powder
Rayin,3,Rayin Red Rice String Hopper Flour | Rayin White Rice String Hopper Flour
Beaufor Hot,3,Beaufor Hot English Mustard
Panaderia,3,Panaderia Crust Top Bread | Panaderia Hamburger Buns | Panaderia Hot Dog Buns
Saras,3,"Saras Chicken Kochchi Bites, 30Pcs | Saras Chicken Meatballs | Saras Chicken Mini Kievs, 25Pcs"
Saras Chicken,3,"Saras Chicken Kochchi Bites, 30Pcs | Saras Chicken Meatballs | Saras Chicken Mini Kievs, 25Pcs"
Corn,3,Corn Love Frozen Broccoli | Corn Love Sweet Corn Kernels
Corn Love,3,Corn Love Frozen Broccoli | Corn Love Sweet Corn Kernels
Chef Spring,3,Chef Spring Roll Pastry
Crysbro,3,Crysbro Chicken Home Pack | Crysbro Chicken-Home Pack | Crysbro Whole Chicken
Tuna,3,Tuna Fish | Tuna Slices
Paraw,3,Paraw Fish Slice | Paraw Slices
Bounty,3,Bounty | Bounty Chocolate
Happydent,3,Happydent Chewing Pepermint | Happydent White Chewing Gum | Happydent White Gum Mint
Mars,3,Mars Chocolate | Mars Chocolate Bar
Mars Chocolate,3,Mars Chocolate | Mars Chocolate Bar
Snickers,3,Snickers | Snickers Chocolate
Loacker Classic,3,Loacker Classic Creamkaka | Loacker Classic Napolitaner Wafer Biscuits | Loacker Classic Vanilla Wafer Biscuits
Pulathisi,3,Pulathisi Nadu Rice | Pulathisi Samba Rice | Pulathisi White Raw Rice
Sewmini Premium,3,Sewmini Premium Nadu | Sewmini Premium Nadu Rice 1Kg (5U) | Sewmini Premium Samba Rice 1Kg (5U)
Keeri Samba,3,Keeri Samba Kekulu Bulk | Keeri Samba Rice
Mauripan,3,Mauripan Instant Dry Yeast
Mauripan Instant,3,Mauripan Instant Dry Yeast
Upul,3,Upul Dates | Upul Sultana
Best,3,Best Food Kimia Premium | Best Food Raisins | Best Select Zipper Seal Sandwich Bag
Bogawanthalawa Extra,3,Bogawanthalawa Extra Strong Tea
Bon,3,Bon Aroma Classic Coffee
Bon Aroma,3,Bon Aroma Classic Coffee
Pastel,3,Pastel Balloons Assorte 12Pcs | Pastel Blue Balloons 12Pcs | Pastel Pink Balloons 12Pcs
Precare,3,Precare Gents Sandal S09 Bj0002 | Precare Ladies Sandal S05 Bj0001 | Precare Unisex Sandal 1 S07 Bj0003
Vicks Vaporub,3,Vicks Vaporub | Vicks Vaporub Family Value | Vicks Vaporub Super Saver Pack
Dandex Shampoo,3,Dandex Shampoo Cooling & Relief | Dandex Shampoo Hair Fall Control | Dandex Shampoo Hairfall Contrl
Siddhi,3,Siddhi Herbal Slimming Tea Bags | Siddhi Men Fat Burner Herbal Tea Bags | Siddhi Suwa Jeewanaya 25G 10S
Surgical,3,"Surgical Bandages 2""X 3Yds | Surgical Gauze | Surgical Spirit"
Strepsils,3,Strepsils & Vitamin C Lozenges | Strepsils Blist Cool 24'S | Strepsils Blist Regular 24'S
Clean,3,Clean & Clear Face Wash Brightening Berry | Clean & Clear Face Wash Morning Energy Aqua Splash | Clean And Clear Face Wash Lemon
Prevence,3,Prevence Face Wash Neem | Prevence Hand Cream Shea Butter | Prevence Micellar Water
Clif,3,Clif Climacteric- Aid Capsule | Clif Collagen Natural Capsule | Clif Natural Libido Enhancer Capsule
Set,3,Set Wet Glaze Hair Wax | Set Wet Hair Wax Matte | Set Wet Matte Hair Wax
Set Wet,3,Set Wet Glaze Hair Wax | Set Wet Hair Wax Matte | Set Wet Matte Hair Wax
O3,3,O3 Edt Freedom For Men | O3 Edt Original For Men | O3 Hair Styling Gel Wet Look
Signature Cologne,3,Signature Cologne Spray
K-Tape,3,K-Tape High Performance Single Colour German | K-Tape Performance Plus Design Japanese | K-Tape Performance Plus Single Colour Japanese
Airpore,3,"Airpore Hydrocolloid Dressing, 10Cmx10Cm | Airpore Hydrocolloid Dressing, 2.5Cmx6Cm, 10`S | Airpore Hydrocolloid Dressing, 4Cmx6Cm, 10`S"
Airpore Hydrocolloid,3,"Airpore Hydrocolloid Dressing, 10Cmx10Cm | Airpore Hydrocolloid Dressing, 2.5Cmx6Cm, 10`S | Airpore Hydrocolloid Dressing, 4Cmx6Cm, 10`S"
Ortho,3,"Ortho Shield Active + Joint Pain Reliever | Ortho Shield Joint Pain Reliever, Natural Relief | Ortho Shield Joint Pain Reliver"
Ortho Shield,3,"Ortho Shield Active + Joint Pain Reliever | Ortho Shield Joint Pain Reliever, Natural Relief | Ortho Shield Joint Pain Reliver"
Himani,3,Himani Navaratna Herb.Oil Cool | Himani Navaratna Herbal Oil | Himani Navaratna Oil Ex/ Cool
Himani Navaratna,3,Himani Navaratna Herb.Oil Cool | Himani Navaratna Herbal Oil | Himani Navaratna Oil Ex/ Cool
Jk,3,"Jk Copier Paper A4, 100 Sheets | Jk Copier Paper A4, 500 Sheets | Jk Photo Copy Paper A4 75Gsm"
Zara,3,Zara Bombay Chai Pouch | Zara Cardamom Flavoured Milk Tea Mix | Zara Milk Coffee Mix
Oatside,3,Oatside Oatmilk Barista | Oatside Oatmilk Chocolate | Oatside Oatmilk Coffee
Oatside Oatmilk,3,Oatside Oatmilk Barista | Oatside Oatmilk Chocolate | Oatside Oatmilk Coffee
Dutch,3,Dutch Lady Chocolate Milk | Dutch Lady Chocolate Milk Can | Dutch Lady Uht Strawberry Milk
Dutch Lady,3,Dutch Lady Chocolate Milk | Dutch Lady Chocolate Milk Can | Dutch Lady Uht Strawberry Milk
Hershey'S,3,Hershey'S Soy Milk Chocolate | Hershey'S Soy Milk Mocha | Hershey'S Strawberry Syrup
Abbott Ensure,3,Abbott Ensure Milk Powder Vanila | Abbott Ensure Milk Pwd Vanila | Abbott Ensure Vanila
Farmlank,3,Farmlank Goat Milk Almond | Farmlank Goat Milk Chocolate | Farmlank Goat Milk Vanila
Farmlank Goat,3,Farmlank Goat Milk Almond | Farmlank Goat Milk Chocolate | Farmlank Goat Milk Vanila
T,3,T Sips Black Tea Cardamom 20Tb | T Sips Black Tea Ginger 20Tb | T Sips Green Mint 20 Tb
T Sips,3,T Sips Black Tea Cardamom 20Tb | T Sips Black Tea Ginger 20Tb | T Sips Green Mint 20 Tb
Ranlanda,3,Ranlanda Black Tea | Ranlanda Green Tea
Baskin,3,Baskin Robbins Buleberry Soda | Baskin Robbins Cotton Soda | Baskin Robbins Peach Soda
Baskin Robbins,3,Baskin Robbins Buleberry Soda | Baskin Robbins Cotton Soda | Baskin Robbins Peach Soda
Cbc,3,Cbc Cranberry Cooler 500 | Cbc Lemon & Cucumber Cooler 500 | Cbc Peach  Apricot & Plum Cooler 500
Schweppes,3,Schweppes Lemon & Lime Drink | Schweppes Soda Water | Schweppes Tonic Water
Alkafresh,3,Alkafresh Alkaline Drin. Water | Alkafresh Alkaline Drinking Water | Alkafresh Alkaline Drinking Water Pet Bottle
Alkafresh Alkaline,3,Alkafresh Alkaline Drin. Water | Alkafresh Alkaline Drinking Water | Alkafresh Alkaline Drinking Water Pet Bottle
Indo,3,Indo Cafã© Original Blend Pack | Indo Creamer Jar | Indo Creamer Pack
Old Town,3,Old Town 3 In 1 Extra Rich Coffee | Old Town Classic Can | Old Town Coffee Can - Hazelnut
Barbican Non,3,Barbican Non Alchoholic Beer Pineapple | Barbican Non Alcoholic Apple Beer | Barbican Non Alcoholic Beer Pomegranate
Kobra,3,Kobra Energy Drink Apple | Kobra Energy Drink Clasic | Kobra Energy Drink Cranberry
Kobra Energy,3,Kobra Energy Drink Apple | Kobra Energy Drink Clasic | Kobra Energy Drink Cranberry
Hype,3,Hype Bam Apple Berry Energy | Hype Bam Lemon Lime Energy | Hype Bam Original Energy Drink
Hype Bam,3,Hype Bam Apple Berry Energy | Hype Bam Lemon Lime Energy | Hype Bam Original Energy Drink
Turbo Nitro,3,Turbo Nitro Classic | Turbo Nitro Ice Spice | Turbo Nitro Premium
Lacnor,3,Lacnor Apple Juice | Lacnor Orange Juice | Lacnor Pineapple Juice
Nootz Coconut,3,Nootz Coconut Mango Smoothie | Nootz Coconut Papaya Smoothie | Nootz Coconut Passion Smoothie
Apluss,3,Apluss Basil Seed Honey Drink | Apluss Basil Seed Pomegranate Drink | Apluss Basil Seed White Grape Drink
Apluss Basil,3,Apluss Basil Seed Honey Drink | Apluss Basil Seed Pomegranate Drink | Apluss Basil Seed White Grape Drink
Snow,3,Snow Farms Dried Sweetened Blueberry | Snow Farms Dried Sweetened Cranberry | Snow White Danish Blue Cheese
Virgilio Parmigiano,3,Virgilio Parmigiano Reggiano 14 | Virgilio Parmigiano Reggiano 24
Soignon,3,Soignon Goat Cheese Spread | Soignon Goat Cheese Spread Figs | Soignon Goat Cheese Spread Hon
Soignon Goat,3,Soignon Goat Cheese Spread | Soignon Goat Cheese Spread Figs | Soignon Goat Cheese Spread Hon
Fruttyfroyo,3,Fruttyfroyo Berry Greek Yoghurt | Fruttyfroyo Greek Yoghurt | Fruttyfroyo Vanila Greek Yoghurt
Nelna,3,Nelna Skinless Whole Chicken | Nelna Whole Chicken | Nelna Whole Chicken Without Giblet
Pork,3,Pork Cubes Rindless | Pork Leg Chop Boneless | Pork Shoulder Chops
Changami,3,Changami Mu Kimchi | Changami Pechu Kimchi
Cornlove,3,Cornlove Corn Cup | Cornlove Frozen Mixed Vegetables | Cornlove Frozen Sweetcorn Kernals Pack
Crispack,3,Crispack Greenpeas
Crispack Greenpeas,3,Crispack Greenpeas
Kraft,3,Kraft Cheese Tin | Kraft Mayonnaise Tube
Mamee,3,Mamee Express Cup Noodles Chicken Flavour | Mamee Express Cup Noodles Tom Yam Flavour | Mamee Smax Rings Cheese Flavour
O,3,O My Popcorn Classic Gldn Caraml | O My Popcorn Secret Smoky Bbq | O My Popcorn Ultmt Baked Cheese
O My,3,O My Popcorn Classic Gldn Caraml | O My Popcorn Secret Smoky Bbq | O My Popcorn Ultmt Baked Cheese
Tg Real,3,Tg Real Potato Stick Black Pepper | Tg Real Potato Stick Hot & Spicy | Tg Real Potato Stick Salted
Lays,3,Lays French Cheese Potato Chips | Lays Potato Chips Classic Salted | Lays Stax  Extra Cheese Potato Chips
Unibic,3,Unibic Pista Badam Cookies | Unibic Pop Crisp Masala Twist | Unibic Pop Crisp Sweet Chilli
Pringles Sour,3,Pringles Sour Cream & Onion + Egb Promo | Pringles Sour Cream & Onion P/C | Pringles Sour Cream & Onion Potato Chips
Ramba,3,Ramba Tetos Savory Bbq Snacks | Ramba Tetos Savory Tomato Snacks | Ramba Tetos Savoury Cheese Snack
Ramba Tetos,3,Ramba Tetos Savory Bbq Snacks | Ramba Tetos Savory Tomato Snacks | Ramba Tetos Savoury Cheese Snack
Mara,3,Mara Balsamic Vinegar | Mara Lasagne | Mara Red Grape Vinegar
Capilano Manuka,3,Capilano Manuka Active Honey Mgo 30+ | Capilano Manuka Honey Mgo 100+ | Capilano Manuka Honey Mgo 30+
Himara Ice,3,Himara Ice Cream Corn 125S | Himara Ice Cream Corn 18S
Fitmorn,3,Fitmorn Corn Flakes No Added Sugar | Fitmorn Muesli Real Fruits | Fitmorn Nuts & Seeds
Health,3,Health Gold Bacopa & Centella | Health Paradise Org Instnt Oats | Health Paradise Org Rolled Oats
Cerera,3,Cerera Cerero Corn Flakes | Cerera Cerero Cornflakes | Cerera Corn Flakes
Sandun,3,Sandun Keeri Samba Rice | Sandun White Nadu Rice | Sandun White Raw Rice
India,3,India Gate Basmati Rice | India Gate Basmati Rice Excel | India Gate Exotic Basmati Rice
India Gate,3,India Gate Basmati Rice | India Gate Basmati Rice Excel | India Gate Exotic Basmati Rice
Falak,3,Falak Premium Basmati Rice | Falak Rice Premi Basmathi White 1Kg (5U) | Falak Rice Silky Basmati
Cellengy,3,Cellengy Easy Meal Soporridge - Kohila | Cellengy Easy Meal Soporridge - Spinach & Gotukola | Cellengy Easy Meal Soporridge- Heenbowitiya
Cellengy Easy,3,Cellengy Easy Meal Soporridge - Kohila | Cellengy Easy Meal Soporridge - Spinach & Gotukola | Cellengy Easy Meal Soporridge- Heenbowitiya
Yatiyana,3,Yatiyana Red Raw Rice | Yatiyana Rose Raw Rice 1Kg (5U)
Kapuwatta Keeri,3,Kapuwatta Keeri Broken Rice 1Kg (5U) | Kapuwatta Keeri Samba | Kapuwatta Keeri Samba Rice 1Kg (5U)
Piyaseela,3,Piyaseela Gingelly Balls | Piyaseela Gingelly Rolls
Piyaseela Gingelly,3,Piyaseela Gingelly Balls | Piyaseela Gingelly Rolls
Derby,3,Derby Eclairs Cruncheez Milk Candy | Derby Happy Birthday Candy | Derby Tamilly Tamarind Candy
Revellotreats,3,Revellotreats Choco Bubblegum | Revellotreats Choco Wildberry | Revellotreats Chocolate Milk
Eclipse Chewy,3,Eclipse Chewy Mints Lemon Fla. | Eclipse Chewy Mints Peppermint | Eclipse Chewy Mints Spearmint
Byd,3,Byd Food Dried Fish Tuna | Byd Food Shark Dried Fish | Byd Food Wanna Katta Dried Fish
Byd Food,3,Byd Food Dried Fish Tuna | Byd Food Shark Dried Fish | Byd Food Wanna Katta Dried Fish
Monggo,3,Monggo Doen Jang Korean Soybean Paste | Monggo Gochujang Korean Hot Pepper Paste | Monggo Ssam Jang Korean Seasoned Soybean Paste
Dil,3,Dil Chicken Curry Mix | Dil Foods Table Salt | Dil Papadam
Dehy-V Garlic,3,Dehy-V Garlic Flakes | Dehy-V Garlic Mini-Flakes | Dehy-V Garlic Powder
Gpr,3,Gpr Butter Cookies Gold Central Asia Series | Gpr Butter Cookies Gold Floral Series | Gpr Butter Cookies Gold Jewel Box
Gpr Butter,3,Gpr Butter Cookies Gold Central Asia Series | Gpr Butter Cookies Gold Floral Series | Gpr Butter Cookies Gold Jewel Box
Hello,3,Hello Freezer Bag Jumbo 33X39.6Cm | Hello Panda Chocolate | Hello Panda Strawberry
Cameo,3,Cameo Bretzel | Cameo Cocktail Snack Mix | Cameo Snack Sticks
Munchy'S,3,Munchy'S Creamo Blueberry Tart Cookies | Munchy'S Oat Krunch Breakfast Cranberry | Munchy'S Oat Krunch Breakfast Dark Choc & Blueberry
Pocky,3,Pocky Sticks Chocolate Flavour | Pocky Sticks Double Choco | Pocky Sticks Strawberry Flavour
Pocky Sticks,3,Pocky Sticks Chocolate Flavour | Pocky Sticks Double Choco | Pocky Sticks Strawberry Flavour
Banga Atlantic,3,Banga Atlantic Salmon In Canola Oil | Banga Atlantic Sardine In Canola Oil | Banga Atlantic Sardine In Oil
Bis,3,Bis Chopped Tomato | Bis Sundries Tomato | Bis Whole Peeled Tomato
Weikfield,3,Weikfield Mustard Sauce | Weikfield Peri Peri Sauce | Weikfield Red Pepp Peprico Sauce
Nando'S,3,Nando'S Peri Peri Sauce Creamy Garlic | Nando'S Peri Peri Sauce Hot | Nando'S Peri Peri Sauce Wild Herb
Nando'S Peri,3,Nando'S Peri Peri Sauce Creamy Garlic | Nando'S Peri Peri Sauce Hot | Nando'S Peri Peri Sauce Wild Herb
Crying,3,Crying Thaiger Scha Ht Chl Sce | Crying Thaiger Sriracha Hot Chilli Sauce | Crying Thaiger Sriracha Mayo Chilli Sauce
Crying Thaiger,3,Crying Thaiger Scha Ht Chl Sce | Crying Thaiger Sriracha Hot Chilli Sauce | Crying Thaiger Sriracha Mayo Chilli Sauce
Lingham'S,3,Lingham'S Sauce Chilli | Lingham'S Sauce Chilli Sriracha | Lingham'S Worcestershire Sauce
Bachun,3,Bachun Oyster Sauce | Bachun Sesame Oil
Thermos Mondi,3,Thermos Mondi Flask
Celcius,3,Celcius Mattress Protector Super 60X78 | Celcius Pillow Gel 18X27 | Celcius Pillow Super 18X27
Hsp,3,Hsp Bath Bowl 1.6L Hspbb002 25A2 | Hsp Dish Brush Hspbr004 4A5 | Hsp Pet Bottle Container Hp104 750Ml 8A4
C&C F/Wash,3,C&C F/Wash Mornin Energy Berry | C&C F/Wash Mornin Energy Lemon | C&C F/Wash Morning Energy Aqua
Champion Soap,3,Champion Soap Germ Fightning | Champion Soap Red Energy 65G*4 | Champion Soap Red Energy 90 G*2 Bundle Pack
Sterill,3,Sterill Hand Sanitizer Gel | Sterill Hand Sanitizer Spray
Sterill Hand,3,Sterill Hand Sanitizer Gel | Sterill Hand Sanitizer Spray
Brylcreem,3,Brylcreem Antidandruf Hair | Brylcreem Strong Hold Hair Gel | Brylcreem Wetlook Hair Gel
Old Spice,3,Old Spice Musk Aftershave Lotion Glass Bottle | Old Spice Original Aftershave Lotion Glass Bottle | Old Spice Original Aftershave Lotion Plastic Bottle
Ogabo,3,Ogabo Serenity Mirage | Ogabo Spice | Ogabo Wild Citrus
Avake,3,Avake Hair Wax Almond | Avake Hair Wax Olive | Avake Hair Wax Strawberry
Avake Hair,3,Avake Hair Wax Almond | Avake Hair Wax Olive | Avake Hair Wax Strawberry
Pa.Avenue Men,3,Pa.Avenue Men B/Spray Neo | Pa.Avenue Men B/Spray Voyage | Pa.Avenue Men B/Spry G/Morning
Petma,3,Petma Dry Bath Shampoo 5Ooml | Petma Herbl Anti Tick Lotion Dog | Petma Kennel Cleaner
Willpower,3,Willpower Grill & Oven Cleaner | Willpower Refrigerator Cleaner | Willpower Toilet Seat Sanitizr
Pet A,3,Pet A Lot Chicken Ccnut Biscuit | Pet A Lot Papaya Banana Biscuit | Pet A Lot Pumpkim Carrot
Meow,3,Meow Kitbiz Tuna Crnchis Chicken | Meow Kitbiz Tuna Crnchis Coconut | Meow Kitbiz Tuna Crnchis Pumpkin
Meow Kitbiz,3,Meow Kitbiz Tuna Crnchis Chicken | Meow Kitbiz Tuna Crnchis Coconut | Meow Kitbiz Tuna Crnchis Pumpkin
Farmchemi,3,Farmchemi Canny B&E | Farmchemi Canny Brew | Farmchemi Canny Cap
Farmchemi Canny,3,Farmchemi Canny B&E | Farmchemi Canny Brew | Farmchemi Canny Cap
Tixfree,3,Tixfree Spot On Dog 02 -10 Kg | Tixfree Spot On Dog 10 -20 Kg | Tixfree Spot On Dog 20-40 Kg
Tixfree Spot,3,Tixfree Spot On Dog 02 -10 Kg | Tixfree Spot On Dog 10 -20 Kg | Tixfree Spot On Dog 20-40 Kg
Kodomo,3,Kodomo Tooth Paste Melon | Kodomo Tooth Paste Orange | Kodomo Tooth Paste Strawberry
Kodomo Tooth,3,Kodomo Tooth Paste Melon | Kodomo Tooth Paste Orange | Kodomo Tooth Paste Strawberry
So,3,So Soft S/Napkins Cotton Feel 10S | So Soft Sanitary Napkins Drytex 10S | So Soft Sanitary Napkins Drytex 8S
So Soft,3,So Soft S/Napkins Cotton Feel 10S | So Soft Sanitary Napkins Drytex 10S | So Soft Sanitary Napkins Drytex 8S
Arizona A/F,3,Arizona A/F Spray Blue Ires | Arizona A/F Spray Heavenly | Arizona A/F Spray Lavender
Shock Shoe,3,Shock Shoe Polish Liquid Black | Shock Shoe Polish Paste Black | Shock Shoe Polish Sneaker White
Angels Wooden,3,Angels Wooden Dessert Spoons 50 Pcs | Angels Wooden Forks 50 Pcs | Angels Wooden Spoons 50 Pcs
Target,3,Target Pack Aluminium Foil Container 200Ml 10Pcs | Target Pack Round Foil Cup Transe Lid 110Ml 10Pcs | Target Pack Umbrella Fruit Picks 25Pcs
Target Pack,3,Target Pack Aluminium Foil Container 200Ml 10Pcs | Target Pack Round Foil Cup Transe Lid 110Ml 10Pcs | Target Pack Umbrella Fruit Picks 25Pcs
Scentify,3,Scentify Fabric Perfume Floral Symphony | Scentify Fabric Perfume Magical Clouds | Scentify Fabric Perfume Sparkling Fruite 
Scentify Fabric,3,Scentify Fabric Perfume Floral Symphony | Scentify Fabric Perfume Magical Clouds | Scentify Fabric Perfume Sparkling Fruite 
Clomax,3,Clomax Bleaching Liquid | Clomax Bleaching Powder
Clomax Bleaching,3,Clomax Bleaching Liquid | Clomax Bleaching Powder
Frella Neutral,3,Frella Neutral Conditioner Cinnamon | Frella Neutral Shampoo Cinnamon | Frella Neutral Shampoo Cinnamon & Cederwood
Menthosil Caugh,3,Menthosil Caugh Lozenges Lemon 24'S | Menthosil Caugh Lozenges Mint 24'S | Menthosil Caugh Lozenges Orenge 24'S
Cbl Ramba,3,Cbl Ramba Tetos Bbq | Cbl Ramba Tetos Cheese | Cbl Ramba Tetos Tomato
Dececco Sugo,3,Dececco Sugo Alla Arrabbiata | Dececco Sugo Alla Napoletana | Dececco Sugo Alla Siciliana
Dumindu,3,Dumindu Crystal Salt | Dumindu Table Salt
Fine,3,Fine Foods Gherkin Chips In Natural Vinegar | Fine Foods Red Paprika In Natural Venegar | Fine Foods Whole Gherkin In Natural Vinegar
Fine Foods,3,Fine Foods Gherkin Chips In Natural Vinegar | Fine Foods Red Paprika In Natural Venegar | Fine Foods Whole Gherkin In Natural Vinegar
Halls,3,Halls Candy Honey Lemon | Halls Candy Mentho-Lyptus | Halls Candy Mixed Berry
Halls Candy,3,Halls Candy Honey Lemon | Halls Candy Mentho-Lyptus | Halls Candy Mixed Berry
Kettle,3,Kettle Studio Cheddar & Red Onions | Kettle Studio Jalapeno & Crm Cheese | Kettle Studio Style Wafer Fiery Hot
Kettle Studio,3,Kettle Studio Cheddar & Red Onions | Kettle Studio Jalapeno & Crm Cheese | Kettle Studio Style Wafer Fiery Hot
Kohinoor,3,Kohinoor Basmati Rice 1Kg (5U) | Kohinoor Extra Flavour Basmati 1Kg (5U) | Kohinoor Extra Flavour Basmati Rice
Limico,3,Limico Gingelly Aluwa | Limico Semolina Cake | Limico Thala Bola
Snack,3,Snack Entity Milk Coffee Spread | Snack Entity Pistachio Spread | Snack Entity Strawberry Spread
Snack Entity,3,Snack Entity Milk Coffee Spread | Snack Entity Pistachio Spread | Snack Entity Strawberry Spread
Szechuan,3,Szechuan Chillie Paste | Szechuan Sinhala Pickle
Tetos-Savoury,3,Tetos-Savoury Bbq | Tetos-Savoury Cheese | Tetos-Savoury Tomato
Masi,3,Masi Jaggery Cake | Masi Love Cake | Masi Rich Cake
Rhodes,3,Rhodes Mixed Vegetables In Brine | Rhodes Pears In Syrup | Rhodes Tropical Fruit Cocktail
Sharibath,3,Sharibath Murukku Masala | Sharibath Pakoda | Sharibath Spicy Mixture
Soopervegan,3,Soopervegan Inst/Soy M/Faluda&Kas... | Soopervegan Inst/Soy Protein Milk | Soopervegan One Minute Instant Custard
Dimes 100%,3,Dimes 100% Juice Apple Tetra | Dimes 100% Juice Orange Tetra | Dimes 100% Juice Red Fruit Tetra
Al-Madina,3,Al-Madina Almond Dates | Al-Madina Cashew Dates | Al-Madina Seedless Dates
WATAWALA,3,WATAWALA Tea Pouch
WATAWALA Tea,3,WATAWALA Tea Pouch
PELWATTE,3,PELWATTE Full Cream Milk Powder | PELWATTE Ghee | PELWATTE Non Fat Milk Powder
RATTHI Full,3,RATTHI Full Cream Milk Powder BIB | RATTHI Full Cream Milk Powder Smart
NESTOMALT,3,"NESTOMALT | NESTOMALT Actigen BIB | NESTOMALT Ss Family Pack, 16x"
NESCAFE Classic,3,NESCAFE Classic Coffee Jar | NESCAFE Classic Jar
MILO,3,MILO Active Go | MILO Active Go Tin | MILO UHT
LIPTON Ceylonta,3,LIPTON Ceylonta | LIPTON Ceylonta Tea Bags
KHAO,3,KHAO SHONG Instant Coffee 3 In 1 Cappuccino 80g*4s | KHAO SHONG Instant coffee 3 In Mocha 10s | KHAO Shong Instant Coffee Pouch
ISLAND,3,ISLAND Coffee Regular | ISLAND Coffee Vanila Flavour
ISLAND Coffee,3,ISLAND Coffee Regular | ISLAND Coffee Vanila Flavour
FANTA,3,FANTA Orange | FANTA Portello
TEA,3,TEA 4U Black Tea Strawberry | TEA 4u Black Tea Cola | TEA 4u Black Tea Lemon
Tea 4U,3,Tea 4U Black Tea Lychee & S/Berry... | Tea 4U Black Tea Man & Bl/Current... | Tea 4U Black Tea Pomag & B/Berry ...
Vintage Teas,3,Vintage Teas Ginger Lemon Grass | Vintage Teas Green Tea Lemon | Vintage Teas Spicy Chai
HAPPY HEN,3,"HAPPY HEN Eggs Large, 10s | HAPPY HEN Eggs Medium, 10s | HAPPY HEN Ex-Large 10'S"
KELLOGG'S,3,KELLOGG'S Corn Flakes | KELLOGG'S Corn Flakes Strawberry | KELLOGG'S Heart to Heart Oats
ORIENT,3,ORIENT Chickpeas | ORIENT Red Cowpea | ORIENT Suduru Samba
OATEO,3,OATEO Instant Oats Pouch | OATEO Instant Oats pouch
OATEO Instant,3,OATEO Instant Oats Pouch | OATEO Instant Oats pouch
FRAGATA,3,FRAGATA Olive Oil | FRAGATA Olives | FRAGATA Olives Pitted Black
CHERISH,3,CHERISH Wafers Chocolate Cream | CHERISH Wafers Milk Cream | CHERISH Wafers Vanilla
CHERISH Wafers,3,CHERISH Wafers Chocolate Cream | CHERISH Wafers Milk Cream | CHERISH Wafers Vanilla
LAHIRU,3,LAHIRU Kothmale Plums | LAHIRU Kothmale Sago Seeds
LAHIRU Kothmale,3,LAHIRU Kothmale Plums | LAHIRU Kothmale Sago Seeds
RITZBURY,3,RITZBURY Chunky Choc | RITZBURY Super Fine Choco Dark | RITZBURY Superfine Chocolate Milk
HOSEN,3,HOSEN Lychee In Syrup | HOSEN Sweet Corn Kernel
Lahiru,3,Lahiru Kothmale Butter Beans | Lahiru Kothmale Kollu | Lahiru Kothmale Rice Flakes
Lahiru Kothmale,3,Lahiru Kothmale Butter Beans | Lahiru Kothmale Kollu | Lahiru Kothmale Rice Flakes
Mamma,3,Mamma Kidney Bean Mix | Mamma Pancharatha Dhal Mix | Mamma Ten Bean Mix
KEELLS Chicken,3,"KEELLS Chicken Meat Balls | KEELLS Chicken Meat Balls Canned | KEELLS Chicken Sausages, 250g pack"
GINDARA Nai,3,GINDARA Nai Miris Hot Sauce Garlic | GINDARA Nai Miris Hot Sauce Green | GINDARA Nai Miris Hot Sauce Red
MASTER,3,MASTER SPICE Chillie Paste | MASTER SPICE Fish Sambol | MASTER SPICE Seeni Sambol
MASTER SPICE,3,MASTER SPICE Chillie Paste | MASTER SPICE Fish Sambol | MASTER SPICE Seeni Sambol
SENSODYNE,3,SENSODYNE ToothPaste Fresh Gel | SENSODYNE ToothPaste Fresh Mint | SENSODYNE ToothPaste Rapid Relief
SENSODYNE ToothPaste,3,SENSODYNE ToothPaste Fresh Gel | SENSODYNE ToothPaste Fresh Mint | SENSODYNE ToothPaste Rapid Relief
4,3,4 EVER Aloe Vera Gel 90% | 4 EVER Kohomba Kaha Face Wash | 4 EVER Venivel Face Wash Whitening
4 EVER,3,4 EVER Aloe Vera Gel 90% | 4 EVER Kohomba Kaha Face Wash | 4 EVER Venivel Face Wash Whitening
FEMS Superior,3,"FEMS Superior Heavy Flow Sanitary Napkins, 16’s | FEMS Superior Napkins, 8s | FEMS Superior Ultra Thin  Sanitary Napkins, 8’s (Drytex Wings)"
MISUMI,3,MISUMI Whitning Beauty Soap Kiyo | MISUMI Whitning Beauty Soap Momo | MISUMI Whitning Beauty Soap Romansu
MISUMI Whitning,3,MISUMI Whitning Beauty Soap Kiyo | MISUMI Whitning Beauty Soap Momo | MISUMI Whitning Beauty Soap Romansu
AXE,3,AXE Black Deodorant & Body Spray | AXE Deo Gold Temptation | AXE Oil
VICKS,3,VICKS Vaporub
VICKS Vaporub,3,VICKS Vaporub
Pond's,3,Pond's Bright Beauty Serum Cream | Pond's Bright Miracle Detox Creamy Foam Face Wash
Pond's Bright,3,Pond's Bright Beauty Serum Cream | Pond's Bright Miracle Detox Creamy Foam Face Wash
WHISPER,3,"WHISPER Ultra (XL) Plus, 15's | WHISPER Ultra (XL) Plus, 7's | WHISPER Ultra (XL), 15'S"
WHISPER Ultra,3,"WHISPER Ultra (XL) Plus, 15's | WHISPER Ultra (XL) Plus, 7's | WHISPER Ultra (XL), 15'S"
MIRACLE Shampoo,3,MIRACLE Shampoo Anti Dandruff | MIRACLE Shampoo Hydro boost | MIRACLE Shampoo Intense Moisture
NIMEX,3,"NIMEX Facial Tissues Assorted, 200s | NIMEX Multi Fold Hand Towel | NIMEX Paper Serviettes 2ply, 50s"
DIVA Power,3,DIVA Power Colour Guard Detergent Powder | DIVA Power Colour Guard Liquid Detergent | DIVA Power Germ Guard Liquid Detergent
BUBBLE,3,BUBBLE Compact Laundry Powder Aloe Vera | BUBBLE Compact Powder Aloe Vera | BUBBLE Matic Detergent Powder
TEEPOL Dishwash,3,TEEPOL Dishwash Lime refill pack | TEEPOL Dishwash Orange | TEEPOL Dishwash Orange Refill Pack
HARPIC Fresh,3,HARPIC Fresh Floral
AMRITHA,3,AMRITHA Incense Sticks 2 in 1 Purple | AMRITHA Incense Sticks 4 in 1 | AMRITHA Incense sticks 2 In 1 green
AMRITHA Incense,3,AMRITHA Incense Sticks 2 in 1 Purple | AMRITHA Incense Sticks 4 in 1 | AMRITHA Incense sticks 2 In 1 green
ECO SACK,3,"ECO SACK Extra Large Black Garbage Bags, 30*36 | ECO SACK Medium black Garbage Bags, 24*36, LDPE | ECO SACK XXL Yellow 32*36 LDLP"
ECOCLEAN,3,"ECOCLEAN Dish Wash | ECOCLEAN Laundry Detergent | ECOCLEAN Laundry Detergent, 1.1 litre"
SPRING,3,SPRING HOME Paratha Wholemeal | SPRING HOME Roti Parata Onion | SPRING HOME Roti Paratha Plain
SPRING HOME,3,SPRING HOME Paratha Wholemeal | SPRING HOME Roti Parata Onion | SPRING HOME Roti Paratha Plain
GILLS,3,GILLS Chicken Meat Ball | GILLS Chicken Sausages Festive Pack | GILLS Fish Sausage
